Time,i-c1.S,i-c1.E,i-c1.P,i-c1.Iu,i-c1.Ic,i-c1.Ru,i-c1.Rc,i-c1.D,i-c1.cases,i-c1.Phase
0.000000,60458041.270178,2524.486548,631.121637,476.121637,155.000000,0.000000,0.000000,0.000000,155.000000,0.000000
1.000000,60457416.885028,2524.808167,626.770249,959.335909,209.723437,68.244304,16.804273,5.428633,227.600324,0.000000
2.000000,60456469.771605,2810.086600,652.705331,1362.209767,300.965400,177.766548,40.559072,13.935678,344.113349,0.000000
3.000000,60455210.977263,3308.157504,727.508801,1738.129914,420.129756,323.466463,74.244493,25.385806,499.113259,0.000000
4.000000,60453620.402991,3990.270197,850.806478,2136.590758,564.469777,505.216901,120.315310,39.927588,692.464788,0.000000
5.000000,60451650.765260,4858.014980,1020.855127,2596.476536,735.689790,727.037406,181.189003,57.971898,928.444049,0.000000
6.000000,60449230.874090,5933.744165,1239.268703,3149.481151,938.646402,996.226989,259.599371,80.159129,1214.815946,0.000000
7.000000,60446266.559633,7255.206805,1511.633671,3824.885773,1180.598258,1322.915636,358.853273,107.346952,1562.357059,0.000000
8.000000,60442639.154335,8873.527151,1847.209746,4653.470939,1470.945596,1720.029780,483.040919,140.621534,1984.818915,0.000000
9.000000,60438201.927615,10853.434964,2258.719544,5670.455145,1821.317480,2203.577484,637.239054,181.328715,2499.231366,0.000000
10.000000,60432774.766545,13274.993533,2762.452510,6917.852947,2245.898897,2793.179198,827.734235,231.122134,3126.467232,0.000000
11.000000,60427759.281953,14794.027023,3246.331847,8401.664246,2760.780317,3511.696617,1062.263119,291.954877,3890.847465,1.000000
12.000000,60421709.119699,16895.213180,3717.982629,10037.610455,3375.535471,4377.144798,1349.841455,365.552314,4811.537019,1.000000
13.000000,60414496.794492,19562.430142,4275.673187,11840.660635,4095.124211,5403.797526,1700.080768,453.439040,5903.720772,1.000000
14.000000,60405969.727246,22806.183513,4954.977257,13877.581035,4928.529880,6610.329547,2123.211459,557.460064,7187.265475,1.000000
15.000000,60395933.396901,26671.881141,5773.879673,16225.100406,5890.867059,8022.308683,2630.593647,679.972489,8689.370940,1.000000
16.000000,60384147.179171,31235.738979,6749.062814,18961.065401,7003.178466,9671.883414,3235.034473,824.857283,10444.976817,1.000000
17.000000,60374741.352259,32674.120472,7538.208980,22042.033465,8288.811152,11591.631801,3950.048709,1001.793163,12493.642412,2.000000
18.000000,60363872.710513,35091.089501,8147.356597,25163.956217,9748.694798,13797.857481,4791.684236,1214.650659,14853.943587,2.000000
19.000000,60351476.154443,38326.455748,8830.534467,28297.106672,11366.697729,16290.917043,5775.334553,1464.799344,17526.374335,2.000000
20.000000,60337478.594498,42264.487764,9658.838566,31547.199445,13133.572455,19076.303114,6915.064307,1753.939851,20516.939864,2.000000
21.000000,60321768.785118,46848.908588,10645.714855,35032.885737,15052.102317,22170.331851,8224.587995,2084.683540,23843.352851,2.000000
22.000000,60304197.269701,52069.647431,11791.647772,38855.620923,17135.337364,25599.539724,9718.343672,2460.593414,27534.407087,2.000000
23.000000,60284579.845792,57949.545360,13098.398502,43098.995065,19403.837584,29398.944502,11412.327711,2886.105485,31628.107641,2.000000
24.000000,60262700.217897,64534.755865,14572.466510,47835.180949,21883.553518,33610.672287,13324.691684,3366.461290,36170.189389,2.000000
25.000000,60238310.971774,71888.756299,16225.187293,53131.461175,24604.552090,38283.212485,15476.177906,3907.680979,41213.311730,2.000000
26.000000,60211133.031246,80089.020787,18072.079238,59055.204778,27600.413144,43471.208411,17890.467062,4516.575334,46816.831976,2.000000
27.000000,60205677.414331,67198.812012,18077.847624,64972.212026,30889.819370,49218.456293,20594.171504,5199.266840,53028.357003,3.000000
28.000000,60199848.551713,57498.143410,16341.538507,68817.341911,34339.224167,55424.288613,23609.940387,5948.971292,59738.712230,3.000000
29.000000,60193692.617297,50230.240304,14403.006782,70237.270977,37706.684236,61869.456547,26941.754157,6746.969701,66709.932320,3.000000
30.000000,60187344.980414,44737.539034,12711.824438,69744.080054,40791.303208,68351.592594,30572.503161,7574.177097,73722.288030,3.000000
31.000000,60180914.157142,40531.835395,11345.380042,67959.704996,43468.399492,74723.555570,34469.970260,8414.997104,80615.961213,3.000000
32.000000,60174480.853840,37257.473535,10267.612224,65399.561273,45679.901742,80891.287577,38593.586748,9257.723060,87288.749564,3.000000
33.000000,60168102.729563,34657.769007,9418.529522,62438.152652,47415.462952,86801.682533,42899.729998,10093.943773,93682.909628,3.000000
34.000000,60161819.833823,32548.309817,8742.440470,59328.715399,48695.271313,92430.325037,47345.314537,10917.789603,99771.850245,3.000000
35.000000,60155659.249873,30796.878307,8194.735458,56233.144285,49557.045695,97771.691813,51889.983590,11725.270980,105549.496039,3.000000
36.000000,60149638.692741,29308.739324,7741.717437,53248.774926,50047.013462,102832.013314,56497.288557,12513.760238,111022.537786,3.000000
37.000000,60143769.182221,28015.998134,7358.603747,50429.091487,50214.006479,107624.327278,61135.185950,13281.604704,116205.062205,3.000000
38.000000,60138056.988680,26869.952428,7027.396568,47798.742971,50105.806463,112165.169970,65776.098620,14027.844300,121114.959677,3.000000
39.000000,60132505.034890,25835.614565,6735.099557,45364.054725,49767.039547,116472.433692,70396.715218,14752.007806,125771.598132,3.000000
40.000000,60127113.900340,24887.795036,6472.346391,43120.212433,49238.102202,120564.031145,74977.645697,15453.966757,130194.372900,3.000000
41.000000,60121882.538442,24008.304690,6232.385036,41056.072849,48554.751774,124457.105977,79503.010186,16133.831046,134401.849491,3.000000
42.000000,60116808.787591,23183.957037,6010.339012,39157.317151,47748.108905,128167.605583,83960.010228,16791.874493,138411.299605,3.000000
43.000000,60111889.734697,22405.142136,5802.674992,37408.464347,46844.901277,131710.088623,88338.512056,17428.481873,142238.491915,3.000000
44.000000,60107121.973318,21664.808588,5606.820892,35794.111155,45867.835986,135097.680107,92630.658681,18044.111274,145897.643024,3.000000
45.000000,60102501.786544,20957.736849,5420.892565,34299.654451,44836.027780,138342.115288,96830.519110,18639.267414,149401.464796,3.000000
46.000000,60098025.276227,20280.020459,5243.498452,32911.673433,43765.437699,141453.833332,100933.777631,19214.482767,152761.265715,3.000000
47.000000,60093688.453933,19628.695660,5073.600029,31618.092956,42669.294978,144442.095375,104937.462805,19770.304265,155987.078711,3.000000
48.000000,60089487.304635,19001.476907,4910.412145,30408.210430,41558.487212,147315.110820,108839.713888,20307.283963,159087.797942,3.000000
49.000000,60085417.830986,18396.567958,4753.331835,29272.641551,40441.911687,150080.162033,112639.581403,20825.972548,162071.313835,3.000000
50.000000,60081476.083763,17812.526897,4601.887483,28203.221383,39326.785706,152743.721732,116336.858186,21326.914851,164944.640237,3.000000
51.000000,60077658.182491,17248.169654,4455.702491,27192.884444,38218.916815,155311.560153,119931.937155,21810.646797,167714.030460,3.000000
52.000000,60073960.329081,16702.500999,4314.469319,26235.538719,37122.935518,157788.840767,123425.692219,22277.693378,170385.080941,3.000000
53.000000,60070378.816527,16174.665148,4177.930920,25325.942624,36042.493934,160180.204462,126819.379048,22728.567337,172962.822391,3.000000
54.000000,60066910.034102,15663.910372,4045.867446,24459.590050,34980.434212,162489.842709,130114.552734,23163.768375,175451.799015,3.000000
55.000000,60063550.470091,15169.563593,3918.086737,23632.606064,33938.930473,164721.560599,133312.999731,23583.782712,177856.136758,3.000000
56.000000,60060296.712790,14691.012129,3794.417490,22841.654213,32919.607881,166878.830780,136416.681809,23989.082909,180179.601690,3.000000
57.000000,60057145.450308,14227.690525,3674.704350,22083.855395,31923.642118,168964.839380,139427.690070,24380.127853,182425.649711,3.000000
58.000000,60054093.469535,13779.071037,3558.804381,21356.717667,30951.842211,170982.524939,142348.207347,24757.362883,184597.468690,3.000000
59.000000,60051137.654539,13344.656705,3446.584507,20658.076052,30004.719285,172934.611339,145180.477591,25121.219982,186698.014099,3.000000
60.000000,60048274.984596,12923.976302,3337.919661,19986.041295,29082.543486,174823.635587,147926.781031,25472.118042,188730.039073,3.000000
61.000000,60045502.531969,12516.580607,3232.691429,19338.956471,28185.391002,176651.971238,150589.414133,25810.463151,190696.119762,3.000000
62.000000,60042817.459542,12122.039631,3130.787061,18715.360411,27313.182810,178421.848136,153170.673497,26136.648913,192598.676678,3.000000
63.000000,60040217.018370,11739.940530,3032.098725,18113.956986,26465.716550,180135.369046,155672.843017,26451.056776,194439.992695,3.000000
64.000000,60037698.545199,11369.886013,2936.522960,17533.589374,25642.692694,181794.523690,158098.183701,26754.056370,196222.228227,3.000000
65.000000,60035259.459979,11011.493096,2843.960250,16973.218563,24843.735972,183401.200601,160448.925699,27046.005840,197947.434056,3.000000
66.000000,60032897.263400,10664.392117,2754.314701,16431.905411,24068.412906,184957.197162,162727.262117,27327.252186,199617.562186,3.000000
67.000000,60030609.534465,10328.225942,2667.493777,15908.795696,23316.246109,186464.228128,164935.344294,27598.131590,201234.475061,3.000000
68.000000,60028393.928108,10002.649291,2583.408097,15403.107666,22586.725921,187923.932885,167075.278289,27858.969742,202799.953419,3.000000
69.000000,60026248.172870,9687.328181,2501.971261,14914.121682,21879.319867,189337.881656,169149.122324,28110.082160,204315.703004,3.000000
70.000000,60024170.068622,9381.939430,2423.099704,14441.171583,21193.480304,190707.580832,171158.885027,28351.774498,205783.360331,3.000000
71.000000,60022157.484365,9086.170225,2346.712571,13983.637505,20528.650603,192034.477575,173106.524310,28584.342848,207204.497667,3.000000
72.000000,60020208.356073,8799.717724,2272.731605,13540.939893,19884.270105,193319.963809,174993.946755,28808.074037,208580.627353,3.000000
73.000000,60018320.684612,8522.288699,2201.081047,13112.534495,19259.778098,194565.379713,176823.007424,29023.245913,209913.205574,3.000000
74.000000,60016492.533714,8253.599199,2131.687546,12697.908189,18654.616969,195772.016779,178595.509985,29230.127620,211203.635676,3.000000
75.000000,60014722.028010,7993.374234,2064.480072,12296.575481,18068.234702,196941.120524,180313.207110,29428.979869,212453.271102,3.000000
76.000000,60013007.351124,7741.347479,1999.389839,11908.075559,17500.086822,198073.892902,181977.801071,29620.055203,213663.417999,3.000000
77.000000,60011346.743831,7497.260992,1936.350230,11531.969823,16949.637912,199171.494466,183590.944500,29803.598246,214835.337562,3.000000
78.000000,60009738.502257,7260.864941,1875.296724,11167.839786,16416.362754,200235.046319,185154.241267,29979.845952,215970.248146,3.000000
79.000000,60008180.976153,7031.917348,1816.166830,10815.285297,15899.747185,201265.631885,186669.247459,30149.027844,217069.327187,3.000000
80.000000,60006672.567204,6810.183833,1758.900020,10473.923028,15399.288718,202264.298533,188137.472420,30311.366245,218133.712958,3.000000
81.000000,60005211.727407,6595.437381,1703.437670,10143.385172,14914.496967,203232.059064,189560.379838,30467.076501,219164.506185,3.000000
82.000000,60003796.957487,6387.458106,1649.722996,9823.318329,14444.893913,204169.893092,190939.388876,30616.367203,220162.771542,3.000000
83.000000,60002426.805367,6186.033027,1597.700997,9513.382531,13990.014054,205078.616821,192275.681927,30759.765275,221129.539039,3.000000
84.000000,60001099.864690,5990.955852,1547.318401,9213.250403,13549.404451,205958.707132,193569.945265,30898.553806,222065.805327,3.000000
85.000000,59999814.773377,5802.026767,1498.523607,8922.606415,13122.624692,206811.032947,194823.444053,31032.968143,222972.534917,3.000000
86.000000,59998570.212241,5619.052234,1451.266637,8641.146228,12709.246793,207636.471775,196037.458106,31163.145986,223850.661330,3.000000
87.000000,59997364.903636,5441.844794,1405.499081,8368.576112,12308.855058,208435.873022,197213.227585,31289.220713,224701.088189,3.000000
88.000000,59996197.610153,5270.222877,1361.174049,8104.612422,11921.045885,209210.058959,198351.954144,31411.321511,225524.690250,3.000000
89.000000,59995067.133354,5104.010618,1318.246126,7848.981123,11545.427561,209959.825651,199454.802060,31529.573507,226322.314389,3.000000
90.000000,59993972.312551,4943.037677,1276.671323,7601.417365,11181.620015,210685.943835,200522.899338,31644.097898,227094.780543,3.000000
91.000000,59992912.023611,4787.139067,1236.407032,7361.665087,10829.254570,211389.159770,201557.338791,31755.012072,227842.882602,3.000000
92.000000,59991885.177817,4636.154987,1197.411986,7129.476658,10487.973679,212070.196045,202559.179103,31862.429727,228567.389277,3.000000
93.000000,59990890.720744,4489.930658,1159.646213,6904.612544,10157.430646,212729.752351,203529.445860,31966.460986,229269.044921,3.000000
94.000000,59989927.631188,4348.316167,1123.070999,6686.840992,9837.289353,213368.506233,204469.132558,32067.212512,229948.570328,3.000000
95.000000,59988994.920118,4211.166314,1087.648846,6475.937745,9527.223980,213987.113804,205379.201580,32164.787614,230606.663489,3.000000
96.000000,59988091.629664,4078.340465,1053.343435,6271.685766,9226.918720,214586.210440,206260.585160,32259.286351,231244.000336,3.000000
97.000000,59987216.832137,3949.702408,1020.119589,6073.874978,8936.067508,215166.411442,207114.186301,32350.805637,231861.235444,3.000000
98.000000,59986369.629080,3825.120215,987.943238,5882.302026,8654.373739,215728.312683,207940.879685,32439.439336,232459.002721,3.000000
99.000000,59985549.150346,3704.466108,956.781382,5696.770038,8381.549996,216272.491224,208741.512545,32525.278362,233037.916063,3.000000
100.000000,59984754.553211,3587.616326,926.602061,5517.088413,8117.317786,216799.505920,209516.905518,32608.410766,233598.569995,3.000000
101.000000,59983985.021506,3474.451004,897.374318,5343.072602,7861.407273,217309.897992,210267.853473,32688.921832,234141.540285,3.000000
102.000000,59983239.764786,3364.854049,869.068171,5174.543913,7613.557022,217804.191593,210995.126309,32766.894158,234667.384541,3.000000
103.000000,59982518.017518,3258.713017,841.654582,5011.329314,7373.513750,218282.894343,211699.469735,32842.407743,235176.642785,3.000000
104.000000,59981819.038294,3155.919007,815.105426,4853.261249,7141.032073,218746.497857,212381.606025,32915.540071,235669.838013,3.000000
105.000000,59981142.109077,3056.366541,789.393462,4700.177462,6915.874276,219195.478250,213042.234748,32986.366185,236147.476729,3.000000
106.000000,59980486.534463,2959.953464,764.492308,4551.920822,6697.810071,219630.296628,213682.033478,33054.958766,236610.049472,3.000000
107.000000,59979851.640966,2866.580835,740.376411,4408.339162,6486.616374,220051.399559,214301.658485,33121.388209,237058.031313,3.000000
108.000000,59979236.776331,2776.152826,717.021024,4269.285116,6282.077083,220459.219535,214901.745394,33185.722691,237491.882351,3.000000
109.000000,59978641.308864,2688.576630,694.402177,4134.615967,6083.982864,220854.175414,215482.909839,33248.028244,237912.048181,3.000000
110.000000,59978064.626784,2603.762357,672.496656,4004.193501,5892.130942,221236.672854,216045.748085,33308.368820,238318.960351,3.000000
111.000000,59977506.137597,2521.622951,651.281977,3877.883860,5706.324897,221607.104723,216590.837637,33366.806357,238713.036807,3.000000
112.000000,59976965.267489,2442.074094,630.736365,3755.557406,5526.374467,221965.851508,217118.737826,33423.400845,239094.682323,3.000000
113.000000,59976441.460734,2365.034127,610.838729,3637.088588,5352.095359,222313.281702,217629.990381,33478.210382,239464.288912,3.000000
114.000000,59975934.179129,2290.423958,591.568643,3522.355808,5183.309062,222649.752182,218125.119980,33531.291238,239822.236231,3.000000
115.000000,59975442.901439,2218.166990,572.906325,3411.241304,5019.842669,222975.608577,218604.634785,33582.697910,240168.891971,3.000000
116.000000,59974967.122865,2148.189036,554.832615,3303.631021,4861.528698,223291.185622,219069.026963,33632.483180,240504.612231,3.000000
117.000000,59974506.354522,2080.418246,537.328956,3199.414499,4708.204930,223596.807499,219518.773182,33680.698165,240829.741888,3.000000
118.000000,59974060.122942,2014.785035,520.377378,3098.484757,4559.714237,223892.788172,219954.335106,33727.392373,241144.614944,3.000000
119.000000,59973627.969584,1951.222008,503.960474,3000.738184,4415.904430,224179.431707,220376.159860,33772.613753,241449.554875,3.000000
120.000000,59973209.450369,1889.663893,488.061387,2906.074433,4276.628101,224457.032586,220784.680488,33816.408743,241744.874959,3.000000
121.000000,59972804.135219,1830.047477,472.663790,2814.396320,4141.742472,224725.876006,221180.316399,33858.822317,242030.878597,3.000000
122.000000,59972411.607619,1772.311535,457.751872,2725.609721,4011.109256,224986.238174,221563.473790,33899.898034,242307.859627,3.000000
123.000000,59972031.464188,1716.396774,443.310319,2639.623475,3884.594510,225238.386589,221934.546066,33939.678078,242576.102622,3.000000
124.000000,59971663.314267,1662.245767,429.324300,2556.349298,3762.068505,225482.580317,222293.914239,33978.203306,242835.883184,3.000000
125.000000,59971306.779515,1609.802899,415.779450,2475.701683,3643.405589,225719.070257,222641.947320,34015.513286,243087.468226,3.000000
126.000000,59970961.493524,1559.014305,402.661859,2397.597818,3528.484063,225948.099397,222979.002695,34051.646340,243331.116247,3.000000
127.000000,59970627.101440,1509.827820,389.958052,2321.957502,3417.186053,226169.903062,223305.426489,34086.639582,243567.077593,3.000000
128.000000,59970303.259602,1462.192920,377.654983,2248.703058,3309.397395,226384.709160,223621.553926,34120.528957,243795.594719,3.000000
129.000000,59969989.635187,1416.060676,365.740013,2177.759258,3205.007516,226592.738412,223927.709664,34153.349275,244016.902433,3.000000
130.000000,59969685.905866,1371.383699,354.200904,2109.053245,3103.909323,226794.204579,224224.208133,34185.134252,244231.228143,3.000000
131.000000,59969391.759481,1328.116095,343.025802,2042.514456,3005.999089,226989.314682,224511.353856,34215.916539,244438.792083,3.000000
132.000000,59969106.893714,1286.213417,332.203229,1978.074553,2911.176356,227178.269216,224789.441758,34245.727758,244639.807544,3.000000
133.000000,59968831.015787,1245.632618,321.722065,1915.667350,2819.343823,227361.262349,225058.757473,34274.598536,244834.481090,3.000000
134.000000,59968563.842152,1206.332006,311.571545,1855.228749,2730.407254,227538.482132,225319.577630,34302.558532,245023.012774,3.000000
135.000000,59968305.098208,1168.271208,301.741239,1796.696671,2644.275379,227710.110682,225572.170142,34329.636472,245205.596337,3.000000
136.000000,59968054.518013,1131.411120,292.221049,1740.010991,2560.859800,227876.324373,225816.794478,34355.860176,245382.419414,3.000000
137.000000,59967811.844015,1095.713872,283.001193,1685.113484,2480.074903,228037.294020,226053.701928,34381.256586,245553.663718,3.000000
138.000000,59967576.826784,1061.142786,274.072200,1631.947755,2401.837770,228193.185048,226283.135861,34405.851796,245719.505237,3.000000
139.000000,59967349.224759,1027.662344,265.424895,1580.459190,2326.068091,228344.157666,226505.331978,34429.671077,245880.114406,3.000000
140.000000,59967128.803998,995.238145,257.050394,1530.594896,2252.688087,228490.367031,226720.518546,34452.738903,246035.656284,3.000000
141.000000,59966915.337938,963.836873,248.940093,1482.303645,2181.622429,228631.963407,226928.916641,34475.078975,246186.290726,3.000000
142.000000,59966708.607164,933.426263,241.085657,1435.535826,2112.798158,228769.092317,227130.740365,34496.714250,246332.172545,3.000000
143.000000,59966508.399181,903.975068,233.479016,1390.243392,2046.144614,228901.894696,227326.197076,34517.666958,246473.451672,3.000000
144.000000,59966314.508197,875.453024,226.112355,1346.379809,1981.593364,229030.507034,227515.487589,34537.958629,246610.273308,3.000000
145.000000,59966126.734912,847.830822,218.978103,1303.900012,1919.078127,229155.061515,227698.806393,34557.610115,246742.778076,3.000000
146.000000,59965944.886313,821.080080,212.068930,1262.760355,1858.534713,229275.686156,227876.341842,34576.641611,246871.102161,3.000000
147.000000,59965768.775476,795.173307,205.377736,1222.918568,1799.900953,229392.504934,228048.276354,34595.072672,246995.377456,3.000000
148.000000,59965598.221374,770.083881,198.897645,1184.333715,1743.116637,229505.637915,228214.786594,34612.922239,247115.731692,3.000000
149.000000,59965433.048688,745.786020,192.621998,1146.966150,1688.123450,229615.201382,228376.043656,34630.208656,247232.288572,3.000000
150.000000,59965273.087634,722.254752,186.544346,1110.777478,1634.864917,229721.307946,228532.213241,34646.949686,247345.167895,3.000000
151.000000,59965118.173779,699.465897,180.658442,1075.730512,1583.286341,229824.066668,228683.455824,34663.162536,247454.485685,3.000000
152.000000,59964968.147882,677.396034,174.958240,1041.789240,1533.334749,229923.583169,228829.926822,34678.863865,247560.354302,3.000000
153.000000,59964822.855723,656.022482,169.437879,1008.918784,1484.958836,230019.959737,228971.776748,34694.069812,247662.882566,3.000000
154.000000,59964682.147947,635.323275,164.091688,977.085368,1438.108914,230113.295434,229109.151371,34708.796003,247762.175861,3.000000
155.000000,59964545.879913,615.277140,158.914171,946.256278,1392.736864,230203.686199,229242.191864,34723.057572,247858.336249,3.000000
156.000000,59963944.770009,1011.021105,193.408397,930.142904,1349.154814,230291.569190,229371.041982,34736.891600,247951.828793,2.000000
157.000000,59963348.079441,1315.409287,259.862755,967.246963,1310.600260,230380.278856,229495.992928,34750.529512,248046.200778,2.000000
158.000000,59962740.637066,1562.283104,326.725706,1059.132629,1281.980431,230475.134227,229617.750939,34764.355898,248147.110747,2.000000
159.000000,59962107.048546,1777.934500,387.186864,1192.065622,1266.929208,230580.669425,229737.434286,34778.731550,248259.382235,2.000000
160.000000,59961434.917721,1980.187178,442.091270,1352.933242,1267.399643,230700.099301,229856.421954,34793.949691,248386.435295,2.000000
161.000000,59960714.309413,2180.759524,493.975395,1532.794576,1284.106454,230835.595838,229976.214088,34810.244712,248530.580546,2.000000
162.000000,59959936.895276,2387.370814,545.233198,1726.624665,1317.042248,230988.681867,230098.340471,34827.811462,248693.438024,2.000000
163.000000,59959095.225874,2605.266418,597.721745,1932.233698,1365.867941,231160.549690,230224.312142,34846.822494,248876.276133,2.000000
164.000000,59958182.202397,2838.229051,652.808294,2149.273391,1430.164124,231352.278952,230355.602992,34867.440799,249080.243434,2.000000
165.000000,59957190.715058,3089.219733,711.511585,2378.524011,1509.577241,231564.974043,230493.649753,34889.828576,249306.514807,2.000000
166.000000,59956113.397937,3360.774791,774.631284,2621.436775,1603.896853,231799.846954,230639.862229,34914.153176,249556.379606,2.000000
167.000000,59954942.458305,3655.249783,842.843312,2879.860850,1713.091495,232058.266367,230795.638679,34940.591209,249831.293875,2.000000
168.000000,59953669.550741,3974.970270,916.764288,3155.891205,1837.321407,232341.787168,230962.383363,34969.331559,250132.911748,2.000000
169.000000,59952285.676522,4322.327145,996.993583,3451.791354,1976.939499,232652.169481,231141.524669,35000.577748,250463.105699,2.000000
170.000000,59950781.095951,4699.839612,1084.140653,3769.960816,2132.487217,232991.392720,231334.533053,35034.549979,250823.981484,2.000000
171.000000,59949145.245900,5110.199717,1178.843212,4112.928640,2304.689070,233361.667914,231542.938505,35071.487042,251217.891265,2.000000
172.000000,59947366.657744,5556.306763,1281.779943,4483.361786,2494.447861,233765.450194,231768.347521,35111.648188,251647.446882,2.000000
173.000000,59945432.872606,6041.296522,1393.680082,4884.081919,2702.841604,234205.452494,232012.459704,35155.315070,252115.534436,2.000000
174.000000,59943330.351857,6568.568230,1515.331332,5318.086972,2931.122584,234684.661081,232277.084170,35202.793776,252625.330805,2.000000
175.000000,59941044.381380,7141.811142,1647.586980,5788.575554,3180.718711,235206.353248,232564.155977,35254.417008,253180.322472,2.000000
176.000000,59938558.968466,7765.031757,1791.372759,6298.973233,3453.237162,235774.117404,232875.752788,35310.546431,253784.326893,2.000000
177.000000,59935856.730328,8442.582448,1947.693800,6852.960295,3750.470251,236391.875695,233214.111976,35371.575207,254441.516564,2.000000
178.000000,59932918.773352,9179.191981,2117.641882,7454.500897,4074.403444,237063.909313,233581.648392,35437.930741,255156.445945,2.000000
179.000000,59929724.562135,9979.998325,2302.403124,8107.873708,4427.225467,237794.886597,233980.972975,35510.077669,255934.081354,2.000000
180.000000,59926251.777429,10850.584054,2503.266240,8817.704223,4811.340436,238589.894110,234414.912417,35588.521091,256779.834028,2.000000
181.000000,59922476.161987,11797.014622,2721.631427,9588.998988,5229.382007,239454.470824,234886.530054,35673.810092,257699.596488,2.000000
182.000000,59918371.353293,12825.879815,2959.019974,10427.182010,5684.229533,240394.645631,235399.148187,35766.541557,258699.782454,2.000000
183.000000,59913908.702076,13944.338618,3217.084657,11338.133645,6179.026271,241416.978397,235956.372019,35867.364318,259787.370502,2.000000
184.000000,59909057.075415,15160.167826,3497.620993,12328.232243,6717.199685,242528.604780,236562.115393,35976.983664,260969.951762,2.000000
185.000000,59903782.643174,16481.814669,3802.579431,13404.398890,7302.483929,243737.285128,237220.628551,36096.166228,262255.781918,2.000000
186.000000,59898048.646398,17918.453789,4134.078543,14574.145539,7938.944607,245051.457718,237936.528104,36225.745301,263653.837865,2.000000
187.000000,59891815.146197,19480.048902,4494.419315,15845.626892,8631.005938,246480.224691,238714.790217,36366.737849,265173.879347,2.000000
188.000000,59890305.073918,16506.087253,4449.182322,17077.563143,9379.591858,248028.048167,239559.815591,36522.637749,266822.546682,3.000000
189.000000,59888723.449348,14255.645840,4029.976289,17828.709146,10153.042931,249668.915855,240475.488848,36692.771744,268572.609689,3.000000
190.000000,59887075.714102,12560.946851,3573.399240,18033.238259,10897.349484,251352.646950,241461.919322,36872.785794,270369.850775,3.000000
191.000000,59885392.557797,11271.987504,3176.588941,17811.769962,11568.539552,253033.747486,242514.486630,37058.322128,272165.047898,3.000000
192.000000,59883698.416170,10277.509078,2855.219795,17306.244588,12139.999253,254679.542903,243625.221696,37245.846518,273922.805185,3.000000
193.000000,59882011.367503,9496.476223,2600.354544,16633.184856,12600.076286,256269.466286,244784.353426,37432.720875,275620.808437,3.000000
194.000000,59880344.252160,8870.391892,2398.058293,15876.766060,12947.739458,257792.219032,245981.512105,37617.060999,277246.765797,3.000000
195.000000,59878705.918755,8357.210624,2235.540697,15093.590780,13188.680459,259242.957728,247206.538634,37797.562323,278795.369572,3.000000
196.000000,59877102.280953,7926.768321,2102.594912,14319.588676,13332.383510,260621.062096,248449.973213,37973.348319,280265.883569,3.000000
197.000000,59875537.134249,7557.435313,1991.520759,13576.125804,13390.102760,261928.515529,249703.313468,38143.852118,281660.391937,3.000000
198.000000,59874012.762128,7233.695415,1896.656076,12874.707385,13373.546363,263168.786559,250959.117835,38308.728239,282982.589498,3.000000
199.000000,59872530.377145,6944.405793,1813.887066,12220.379357,13294.068517,264346.083234,252211.010690,38467.788198,284236.975320,3.000000
200.000000,59871090.438673,6681.550241,1740.240606,11614.104786,13162.210281,265464.872459,253453.628895,38620.954062,285428.332848,3.000000
201.000000,59869692.880551,6439.347449,1673.571419,11054.384819,12987.471779,266529.582297,254682.536539,38768.225147,286561.407881,3.000000
202.000000,59868337.273646,6213.613756,1612.330571,10538.341617,12778.232860,267544.134760,255893.773389,38910.299402,287640.720205,3.000000
203.000000,59867022.941682,6001.307935,1555.397132,10062.426024,12541.765119,268512.093564,257084.011869,39048.056675,288670.463614,3.000000
204.000000,59865749.043609,5800.206089,1501.956847,9622.867436,12284.296902,269437.052996,258250.991425,39181.584696,289654.463009,3.000000
205.000000,59864514.632059,5608.669480,1451.415077,9215.949014,12011.105929,270322.254921,259392.992865,39310.980655,290596.167185,3.000000
206.000000,59863318.694728,5425.478725,1403.334473,8838.166267,11726.623292,271170.600896,260508.752519,39436.349099,291498.662903,3.000000
207.000000,59862160.183575,5249.715374,1357.390413,8486.309156,11434.538686,271984.676464,261597.387616,39557.798716,292364.700741,3.000000
208.000000,59861038.035330,5080.677322,1313.339154,8157.495186,11137.900885,272766.780681,262658.331366,39675.440076,293196.726504,3.000000
209.000000,59859951.185812,4917.818373,1270.995072,7849.172115,10839.210228,273518.957222,263691.277125,39789.384053,293996.914314,3.000000
210.000000,59858898.579835,4760.705055,1230.214403,7559.102745,10540.501610,274243.024809,264696.130813,39899.740730,294767.198981,3.000000
211.000000,59857879.177976,4608.985741,1190.883623,7285.340021,10243.417605,274940.605708,265672.970677,40006.618651,295509.306320,3.000000
212.000000,59856891.961112,4462.368559,1152.911136,7026.197747,9949.272019,275613.151647,266622.013466,40110.124314,296224.780723,3.000000
213.000000,59855935.933370,4320.605591,1116.221340,6780.220243,9659.104538,276261.966911,267543.586163,40210.361844,296915.009728,3.000000
214.000000,59855010.123963,4183.481541,1080.750364,6546.152954,9373.727316,276888.228620,268438.102460,40307.432780,297581.245588,3.000000
215.000000,59854113.588226,4050.805614,1046.443033,6322.915125,9093.764431,277493.004328,269306.043280,40401.435963,298224.624001,3.000000
216.000000,59853245.408097,3922.405674,1013.250678,6109.575096,8819.685108,278077.267182,270147.940697,40492.467470,298846.180228,3.000000
217.000000,59852404.692216,3798.124041,981.129565,5905.328396,8551.831562,278641.908885,270964.364733,40580.620602,299446.862891,3.000000
218.000000,59851590.575744,3677.814454,950.039774,5709.478612,8290.442246,279187.750733,271755.912539,40665.985899,300027.545708,3.000000
219.000000,59850802.220000,3561.339869,919.944375,5521.420842,8035.671187,279715.552977,272523.199578,40748.651172,300589.037457,3.000000
220.000000,59850038.811978,3448.570850,890.808844,5340.627536,7787.604030,280226.022739,273266.852468,40828.701554,301132.090396,3.000000
221.000000,59849299.563778,3339.384390,862.600629,5166.636437,7546.271307,280719.820707,273987.503196,40906.219556,301657.407383,3.000000
222.000000,59848583.711982,3233.663041,835.288838,4999.040380,7311.659389,281197.566774,274685.784465,40981.285131,302165.647879,3.000000
223.000000,59847890.517011,3131.294257,808.844003,4837.478691,7083.719505,281659.844805,275362.325987,41053.975741,302657.433019,3.000000
224.000000,59847219.262452,3032.169899,783.237910,4681.629972,6862.375153,282107.206658,276017.751531,41124.366425,303133.349884,3.000000
225.000000,59846569.254396,2936.185852,758.443465,4531.206044,6647.528171,282540.175582,276652.676618,41192.529873,303593.955122,3.000000
226.000000,59845939.820769,2843.241723,734.434591,4385.946898,6439.063714,282959.249096,277267.706722,41258.536487,304039.778010,3.000000
227.000000,59845330.310674,2753.240602,711.186155,4245.616470,6236.854310,283364.901433,277863.435900,41322.454456,304471.323049,3.000000
228.000000,59844740.093745,2666.088862,688.673901,4109.999124,6040.763163,283757.585621,278440.445765,41384.349821,304889.072184,3.000000
229.000000,59844168.559515,2581.695990,666.874395,3978.896717,5850.646843,284137.735257,278999.304742,41444.286541,305293.486691,3.000000
230.000000,59843615.116799,2499.974446,645.764992,3852.126159,5666.357457,284505.766041,279540.567548,41502.326557,305685.008802,3.000000
231.000000,59843079.193091,2420.839538,625.323787,3729.517373,5487.744408,284862.077086,280064.774860,41558.529857,306064.063106,3.000000
232.000000,59842560.233983,2344.209306,605.529593,3610.911597,5314.655801,285207.052062,280572.453126,41612.954532,306431.057760,3.000000
233.000000,59842057.702594,2270.004422,586.361905,3496.159969,5146.939578,285541.060189,281064.114503,41665.656841,306786.385555,3.000000
234.000000,59841571.079021,2198.148093,567.800879,3385.122336,4984.444415,285864.457112,281540.256879,41716.691264,307130.424835,3.000000
235.000000,59841099.859803,2128.565976,549.827306,3277.666266,4827.020432,286177.585672,282001.363984,41766.110562,307463.540325,3.000000
236.000000,59840643.557404,2061.186090,532.422588,3173.666210,4674.519745,286480.776591,282447.905547,41813.965826,307786.083855,3.000000
237.000000,59840201.699709,1995.938741,515.568719,3073.002800,4526.796903,286774.349081,282880.337509,41860.306536,308098.395015,3.000000
238.000000,59839773.829540,1932.756447,499.248268,2975.562258,4383.709211,287058.611406,283299.102265,41905.180605,308400.801743,3.000000
239.000000,59839359.504182,1871.573862,483.444354,2881.235890,4245.116973,287333.861372,283704.628934,41948.634433,308693.620856,3.000000
240.000000,59838958.294928,1812.327711,468.140631,2789.919658,4110.883674,287600.386791,284097.333655,41990.712953,308977.158537,3.000000
241.000000,59838569.786632,1754.956722,453.321272,2701.513810,3980.876098,287858.465902,284477.619887,42031.459677,309251.710782,3.000000
242.000000,59838193.577286,1699.401562,438.970952,2615.922571,3854.964410,288108.367753,284845.878724,42070.916742,309517.563815,3.000000
243.000000,59837829.277601,1645.604776,425.074828,2533.053862,3733.022196,288350.352566,285202.489218,42109.124953,309774.994466,3.000000
244.000000,59837476.510609,1593.510725,411.618530,2452.819065,3614.926478,288584.672071,285547.818699,42146.123824,310024.270536,3.000000
245.000000,59837134.911265,1543.065532,398.588140,2375.132815,3500.557707,288811.569823,285882.223096,42181.951621,310265.651124,3.000000
246.000000,59836804.126081,1494.217023,385.970183,2299.912815,3389.799737,289031.281499,286206.047264,42216.645398,310499.386949,3.000000
247.000000,59836483.812751,1446.914673,373.751607,2227.079672,3282.539786,289244.035176,286519.625295,42250.241039,310725.720648,3.000000
248.000000,59836173.639804,1401.109559,361.919774,2156.556750,3178.668382,289450.051600,286823.280838,42282.773292,310944.887056,3.000000
249.000000,59835873.286257,1356.754301,350.462449,2088.270040,3078.079307,289649.544435,287117.327403,42314.275807,311157.113476,3.000000
250.000000,59835582.441286,1313.803019,339.367778,2022.148039,2980.669530,289842.720509,287402.068668,42344.781169,311362.619939,3.000000
251.000000,59835300.803902,1272.211286,328.624287,1958.121639,2886.339137,290029.780043,287677.798771,42374.320933,311561.619442,3.000000
252.000000,59835028.082643,1231.936078,318.220862,1896.124032,2794.991258,290210.916867,287944.802602,42402.925656,311754.318192,3.000000
253.000000,59834763.995272,1192.935733,308.146743,1836.090610,2706.531990,290386.318639,288203.356085,42430.624928,311940.915821,3.000000
254.000000,59834508.268481,1155.169906,298.391507,1777.958887,2620.870322,290556.167040,288453.726455,42457.447402,312121.605610,3.000000
255.000000,59834260.637614,1118.599528,288.945063,1721.668410,2537.918056,290720.637978,288696.172522,42483.420828,312296.574692,3.000000
256.000000,59834020.846393,1083.186767,279.797640,1667.160690,2457.589730,290879.901767,288930.944938,42508.572075,312466.004255,3.000000
257.000000,59833788.646646,1048.894988,270.939774,1614.379130,2379.802541,291034.123314,289158.286443,42532.927164,312630.069731,3.000000
258.000000,59833563.798061,1015.688713,262.362301,1563.268953,2304.476269,291183.462294,289378.432118,42556.511291,312788.940986,3.000000
259.000000,59833346.067927,983.533587,254.056347,1513.777147,2231.533201,291328.073313,289591.609621,42579.348856,312942.782496,3.000000
260.000000,59833135.230903,952.396344,246.013319,1465.852394,2160.898056,291468.106076,289798.039420,42601.463488,313091.753520,3.000000
261.000000,59832931.068778,922.244767,238.224896,1419.445020,2092.497913,291603.705540,289997.935018,42622.878066,313236.008269,3.000000
262.000000,59832733.370247,893.047662,230.683020,1374.506939,2026.262144,291735.012069,290191.503171,42643.614748,313375.696066,3.000000
263.000000,59832541.930694,864.774818,223.379888,1330.991595,1962.122336,291862.161579,290378.944100,42663.694989,313510.961502,3.000000
264.000000,59832356.551980,837.396982,216.307943,1288.853918,1900.012232,291985.285680,290560.451699,42683.139565,313641.944588,3.000000
265.000000,59832177.042236,810.885827,209.459869,1248.050269,1839.867658,292104.511812,290736.213730,42701.968597,313768.780899,3.000000
266.000000,59832003.215669,785.213922,202.828579,1208.538399,1781.626465,292219.963380,290906.412020,42720.201567,313891.601716,3.000000
267.000000,59831834.892363,760.354702,196.407212,1170.277400,1725.228459,292331.759879,291071.222645,42737.857340,314010.534162,3.000000
268.000000,59831671.898100,736.282445,190.189124,1133.227661,1670.615347,292440.017022,291230.816113,42754.954188,314125.701335,3.000000
269.000000,59831514.064175,712.972242,184.167880,1097.350831,1617.730676,292544.846857,291385.357538,42771.509800,314237.222436,3.000000
270.000000,59831361.227224,690.399972,178.337251,1062.609773,1566.519772,292646.357884,291535.006815,42787.541309,314345.212890,3.000000
271.000000,59831213.229053,668.542278,172.691202,1028.968529,1516.929689,292744.655168,291679.918777,42803.065304,314449.784469,3.000000
272.000000,59831069.916477,647.376541,167.223891,996.392280,1468.909152,292839.840448,291820.243362,42818.097848,314551.045405,3.000000
273.000000,59830931.141159,626.880858,161.929661,964.847310,1422.408508,292932.012242,291956.125762,42832.654499,314649.100506,3.000000
274.000000,59830796.759458,607.034020,156.803033,934.300972,1377.379669,293021.265950,292087.706578,42846.750319,314744.051258,3.000000
275.000000,59830666.632278,587.815488,151.838702,904.721652,1333.776070,293107.693950,292215.121962,42860.399897,314835.995939,3.000000
276.000000,59830540.624930,569.205375,147.031531,876.078739,1291.552615,293191.385697,292338.503756,42873.617357,314925.029712,3.000000
277.000000,59830418.606985,551.184420,142.376544,848.342589,1250.665635,293272.427814,292457.979634,42886.416378,315011.244730,3.000000
278.000000,59830300.452145,533.733975,137.868925,821.484499,1211.072841,293350.904181,292573.673228,42898.810205,315094.730228,3.000000
279.000000,59830186.038108,516.835980,133.504009,795.476673,1172.733281,293426.896025,292685.704258,42910.811665,315175.572614,3.000000
280.000000,59830075.246446,500.472948,129.277278,770.292196,1135.607298,293500.481999,292794.188656,42922.433179,315253.855566,3.000000
281.000000,59829967.962477,484.627943,125.184358,745.905005,1099.656490,293571.738268,292899.238685,42933.686772,315329.660108,3.000000
282.000000,59829864.075153,469.284569,121.221014,722.289861,1064.843666,293640.738586,293000.963057,42944.584093,315403.064701,3.000000
283.000000,59829763.476939,454.426944,117.383144,699.422325,1031.132815,293707.554371,293099.467042,42955.136419,315474.145323,3.000000
284.000000,59829666.063704,440.039694,113.666775,677.278732,998.489063,293772.254781,293194.852580,42965.354671,315542.975547,3.000000
285.000000,59829571.734615,426.107926,110.068062,655.836165,966.878639,293834.906786,293287.218383,42975.249424,315609.626616,3.000000
286.000000,59829480.392029,412.617224,106.583279,635.072432,936.268841,293895.575234,293376.660040,42984.830920,315674.167518,3.000000
287.000000,59829391.941396,399.553623,103.208822,614.966045,906.628001,293954.322920,293463.270116,42994.109075,315736.665057,3.000000
288.000000,59829306.291158,386.903604,99.941196,595.496196,877.925453,294011.210654,293547.138245,43003.093492,315797.183923,3.000000
289.000000,59829223.352657,374.654075,96.777020,576.642733,850.131501,294066.297319,293628.351225,43011.793469,315855.786757,3.000000
290.000000,59829143.040040,362.792355,93.713019,558.386145,823.217388,294119.639934,293706.993106,43020.218012,315912.534220,3.000000
291.000000,59829065.270171,351.306170,90.746022,540.707538,797.155267,294171.293713,293783.145279,43028.375838,315967.485049,3.000000
292.000000,59828989.962550,340.183631,87.872959,523.588614,771.918173,294221.312123,293856.886557,43036.275393,316020.696123,3.000000
293.000000,59828917.039221,329.413225,85.090854,507.011656,747.479992,294269.746937,293928.293262,43043.924852,316072.222521,3.000000
294.000000,59828846.424698,318.983805,82.396830,490.959508,723.815438,294316.648291,293997.439296,43051.332132,316122.117579,3.000000
295.000000,59828778.045885,308.884577,79.788097,475.415556,700.900025,294362.064732,294064.396226,43058.504900,316170.432942,3.000000
296.000000,59828711.832000,299.105086,77.261956,460.363711,678.710042,294406.043272,294129.233350,43065.450581,316217.218623,3.000000
297.000000,59828647.714501,289.635212,74.815791,445.788397,657.222526,294448.629433,294192.017776,43072.176363,316262.523049,3.000000
298.000000,59828585.627015,280.465152,72.447071,431.674526,636.415243,294489.867297,294252.814486,43078.689208,316306.393117,3.000000
299.000000,59828525.505274,271.585414,70.153345,418.007491,616.266662,294529.799550,294311.686405,43084.995857,316348.874237,3.000000
300.000000,59828467.287040,262.986808,67.932237,404.773147,596.755932,294568.467527,294368.694468,43091.102839,316390.010383,3.000000
301.000000,59828410.912049,254.660433,65.781450,391.957795,577.862865,294605.911254,294423.897678,43097.016473,316429.844135,3.000000
302.000000,59828356.321944,246.597672,63.698756,379.548172,559.567908,294642.169491,294477.353175,43102.742881,316468.416727,3.000000
303.000000,59828303.460213,238.790178,61.682001,367.531433,541.852129,294677.279769,294529.116285,43108.287991,316505.768087,3.000000
304.000000,59828252.272137,231.229870,59.729096,355.895140,524.697195,294711.278432,294579.240586,43113.657542,316541.936878,3.000000
305.000000,59828202.704727,223.908923,57.838020,344.627249,508.085352,294744.200674,294627.777961,43118.857092,316576.960540,3.000000
306.000000,59828154.706672,216.819758,56.006816,333.716098,491.999410,294776.080575,294674.778647,43123.892023,316610.875327,3.000000
307.000000,59828108.228285,209.955038,54.233588,323.150392,476.422720,294806.951134,294720.291294,43128.767547,316643.716348,3.000000
308.000000,59828063.221453,203.307658,52.516501,312.919195,461.339164,294836.844307,294764.363010,43133.488710,316675.517596,3.000000
309.000000,59828019.639587,196.870735,50.853777,303.011918,446.733129,294865.791038,294807.039414,43138.060400,316706.311991,3.000000
310.000000,59827977.437569,190.637608,49.243696,293.418306,432.589501,294893.821292,294848.364678,43142.487348,316736.131409,3.000000
311.000000,59827936.571715,184.601824,47.684591,284.128428,418.893641,294920.964084,294888.381578,43146.774137,316765.006720,3.000000
312.000000,59827896.999720,178.757136,46.174848,275.132669,405.631376,294947.247511,294927.131535,43150.925204,316792.967813,3.000000
313.000000,59827858.680620,173.097494,44.712903,266.421717,392.788978,294972.698782,294964.654659,43154.944846,316820.043632,3.000000
314.000000,59827821.574746,167.617039,43.297245,257.986556,380.353158,294997.344241,295000.989790,43158.837224,316846.262206,3.000000
315.000000,59827785.643689,162.310098,41.926407,249.818454,368.311043,295021.209402,295036.174539,43162.606367,316871.650675,3.000000
316.000000,59827750.850251,157.171178,40.598971,241.908957,356.650171,295044.318969,295070.245325,43166.256177,316896.235321,3.000000
317.000000,59827717.158416,152.194959,39.313562,234.249877,345.358472,295066.696864,295103.237417,43169.790431,316920.041592,3.000000
318.000000,59827684.533305,147.376291,38.068850,226.833287,334.424261,295088.366252,295135.184964,43173.212789,316943.094133,3.000000
319.000000,59827652.941145,142.710186,36.863546,219.651509,323.836220,295109.349565,295166.121036,43176.526792,316965.416806,3.000000
320.000000,59827622.349233,138.191812,35.696403,212.697110,313.583389,295129.668524,295196.077655,43179.735872,316987.032720,3.000000
321.000000,59827592.725898,133.816494,34.566213,205.962890,303.655159,295149.344164,295225.085832,43182.843349,317007.964252,3.000000
322.000000,59827564.040476,129.579701,33.471805,199.441880,294.041251,295168.396851,295253.175592,43185.852442,317028.233068,3.000000
323.000000,59827536.263272,125.477049,32.412047,193.127328,284.731716,295186.846309,295280.376013,43188.766264,317047.860151,3.000000
324.000000,59827509.365529,121.504290,31.385842,187.012699,275.716918,295204.711637,295306.715251,43191.587832,317066.865819,3.000000
325.000000,59827483.319404,117.657313,30.392127,181.091663,266.987527,295222.011328,295332.220570,43194.320066,317085.269746,3.000000
326.000000,59827458.097934,113.932134,29.429875,175.358091,258.534506,295238.763291,295356.918373,43196.965796,317103.090983,3.000000
327.000000,59827433.675008,110.324897,28.498088,169.806048,250.349106,295254.984867,295380.834224,43199.527760,317120.347979,3.000000
328.000000,59827410.025345,106.831869,27.595802,164.429786,242.422856,295270.692849,295403.992882,43202.008609,317137.058598,3.000000
329.000000,59827387.124462,103.449433,26.722083,159.223742,234.747551,295285.903498,295426.418317,43204.410912,317153.240139,3.000000
330.000000,59827364.948652,100.174089,25.876028,154.182524,227.315245,295300.632559,295448.133745,43206.737156,317168.909353,3.000000
331.000000,59827343.474958,97.002445,25.056759,149.300916,220.118248,295314.895280,295469.161644,43208.989749,317184.082460,3.000000
332.000000,59827322.681151,93.931219,24.263429,144.573863,213.149108,295328.706425,295489.523781,43211.171022,317198.775168,3.000000
333.000000,59827302.545704,90.957231,23.495216,139.996473,206.400612,295342.080292,295509.241234,43213.283234,317213.002686,3.000000
334.000000,59827283.047774,88.077403,22.751326,135.564008,199.865775,295355.030726,295528.334415,43215.328571,317226.779744,3.000000
335.000000,59827264.167175,85.288753,22.030989,131.271878,193.537833,295367.571133,295546.823087,43217.309151,317240.120602,3.000000
336.000000,59827245.884362,82.588395,21.333458,127.115641,187.410236,295379.714494,295564.726390,43219.227023,317253.039071,3.000000
337.000000,59827228.180409,79.973533,20.658011,123.090995,181.476640,295391.473381,295582.062857,43221.084173,317265.548525,3.000000
338.000000,59827211.036988,77.441460,20.003950,119.193772,175.730904,295402.859966,295598.850433,43222.882524,317277.661914,3.000000
339.000000,59827194.436352,74.989556,19.370598,115.419940,170.167081,295413.886037,295615.106498,43224.623937,317289.391776,3.000000
340.000000,59827178.361316,72.615282,18.757298,111.765591,164.779411,295424.563008,295630.847878,43226.310215,317300.750256,3.000000
341.000000,59827162.795238,70.316180,18.163416,108.226943,159.562317,295434.901931,295646.090870,43227.943103,317311.749111,3.000000
342.000000,59827147.722005,68.089871,17.588336,104.800332,154.510400,295444.913511,295660.851252,43229.524292,317322.399727,3.000000
343.000000,59827133.126013,65.934049,17.031465,101.482211,149.618429,295454.608110,295675.144304,43231.055419,317332.713130,3.000000
344.000000,59827083.876680,96.693366,18.399113,98.621019,144.886200,295464.000383,295688.984872,43232.538366,317342.704910,2.000000
345.000000,59827005.721953,144.456760,26.597285,100.984543,140.535300,295473.320312,295702.394647,43233.989198,317352.619728,2.000000
346.000000,59826926.342379,182.791881,36.226894,111.298587,137.209680,295483.237688,295715.438106,43235.454783,317363.170128,2.000000
347.000000,59826842.926150,216.266638,45.331375,128.274985,135.519042,295494.452167,295728.241785,43236.987857,317375.100426,2.000000
348.000000,59826753.087148,248.059187,53.782820,150.102367,135.852239,295507.502951,295740.979363,43238.633923,317388.984238,2.000000
349.000000,59826654.847691,280.285461,61.933904,175.461764,138.409637,295522.779221,295753.851679,43240.430641,317405.235589,2.000000
350.000000,59826546.491338,314.364993,70.180514,203.629151,143.276411,295540.574749,295767.072439,43242.410404,317424.167002,2.000000
351.000000,59826426.420016,351.300875,78.851357,234.341794,150.484299,295561.138166,295780.860443,43244.603048,317446.042978,2.000000
352.000000,59826293.045102,391.867616,88.202943,267.647571,160.053090,295584.709047,295795.436659,43247.037969,317471.118383,2.000000
353.000000,59826144.709934,436.729782,98.440728,303.792511,172.015543,295611.541478,295811.024384,43249.745639,317499.663522,2.000000
354.000000,59825979.634329,486.515095,109.741196,343.149225,186.431257,295641.919039,295827.851174,43252.758682,317531.980077,2.000000
355.000000,59825795.872523,541.859625,122.268780,386.176042,203.393994,295676.164590,295846.151753,43256.112691,317568.411514,2.000000
356.000000,59825591.278264,603.436741,136.187616,433.396388,223.035460,295714.647232,295866.171417,43259.846880,317609.350495,2.000000
357.000000,59825363.472974,671.977007,151.669537,485.390680,245.527425,295757.787973,295888.169711,43264.004691,317655.244900,2.000000
358.000000,59825109.814297,748.283372,168.899687,542.795737,271.083255,295806.065013,295912.424270,43268.634368,317706.603453,2.000000
359.000000,59824827.363363,833.244159,188.080756,606.308673,299.959489,295860.019199,295939.234797,43273.789562,317764.001524,2.000000
360.000000,59824512.849594,927.845377,209.436515,676.693564,332.457765,295920.259993,295968.927211,43279.529980,317828.087474,2.000000
361.000000,59824162.632228,1033.183222,233.215072,754.789942,368.927308,295987.472148,296001.857996,43285.922082,317899.589767,2.000000
362.000000,59823772.657857,1150.477357,259.692107,841.522691,409.768042,296062.423261,296038.418818,43293.039865,317979.324993,2.000000
363.000000,59823338.413374,1281.085325,289.174265,937.913131,455.434420,296145.972302,296079.041464,43300.965718,318068.206952,2.000000
364.000000,59822854.873691,1426.518414,322.002809,1045.091293,506.439993,296239.079250,296124.203173,43309.791377,318167.256897,2.000000
365.000000,59822316.443600,1588.459200,358.557624,1164.309431,563.362775,296342.815934,296174.432442,43319.618991,318277.615071,2.000000
366.000000,0.000000,1237.939559,349.657358,1279.892355,626.408522,296457.953196,296230.306703,43330.534620,318400.101520,2.000000
367.000000,0.000000,964.078165,298.198562,1341.959633,692.109324,296581.682065,296292.276817,43342.387746,318531.727976,2.000000
368.000000,0.000000,750.801363,241.750991,1342.312784,754.419714,296708.286539,296360.309525,43354.811396,318666.413587,2.000000
369.000000,0.000000,584.706414,191.770796,1294.072642,808.355867,296832.514723,296433.837725,43367.434144,318798.571230,2.000000
370.000000,0.000000,455.355580,150.633813,1213.390285,850.878488,296950.564705,296511.916443,43379.952997,318924.156316,2.000000
371.000000,0.000000,354.620199,117.783376,1114.010695,880.677111,297060.058447,296593.399479,43392.143004,319040.639021,2.000000
372.000000,0.000000,276.169857,91.900952,1006.236549,897.708065,297159.748695,296677.080631,43403.847562,319146.692477,2.000000
373.000000,0.000000,215.074578,71.634288,897.263593,902.757422,297249.206098,296761.791639,43414.964694,319241.859926,2.000000
374.000000,0.000000,167.495015,55.810626,791.834563,897.097362,297328.557258,296846.463255,43425.434233,319326.276054,2.000000
375.000000,0.000000,130.441172,43.472652,692.870508,882.237708,297398.284517,296930.158589,43435.227165,319400.453990,2.000000
376.000000,0.000000,101.584512,33.858658,601.989023,859.755975,297459.080023,297012.086924,43444.337197,319465.130059,2.000000
377.000000,0.000000,79.111624,26.369495,519.902634,831.187030,297511.742789,297091.604498,43452.774240,319521.154279,2.000000
378.000000,0.000000,61.610269,20.536372,446.714870,797.956055,297557.108243,297168.207068,43460.559433,319569.415400,2.000000
379.000000,0.000000,47.980626,15.993401,382.135582,761.341987,297596.001637,297241.517686,43467.721391,319610.791351,2.000000
380.000000,0.000000,37.366181,12.455342,325.634796,722.461832,297629.208683,297311.272078,43474.293398,319646.117996,2.000000
381.000000,0.000000,29.099902,9.699948,276.550714,682.268778,297657.458389,297377.303254,43480.311327,319676.170874,2.000000
382.000000,0.000000,22.662318,7.554099,234.163968,641.559060,297681.414373,297439.526374,43485.812121,319701.655963,2.000000
383.000000,0.000000,17.648879,5.882957,197.747311,600.983978,297701.671954,297497.924532,43490.832700,319723.206582,2.000000
384.000000,0.000000,13.744532,4.581510,166.597630,561.064612,297718.759028,297552.535810,43495.409190,319741.384320,2.000000
385.000000,0.000000,10.703917,3.567972,140.055395,522.207529,297733.139330,297603.441770,43499.576398,319756.682513,2.000000
386.000000,0.000000,8.335959,2.778653,117.515315,484.720403,297745.217088,297650.757427,43503.367468,319769.531193,2.000000
387.000000,0.000000,6.491848,2.163949,98.430951,448.826850,297755.342382,297694.622660,43506.813671,319780.302782,2.000000
388.000000,0.000000,5.055698,1.685233,82.315308,414.680084,297763.816721,297735.194960,43509.944308,319789.318036,2.000000
389.000000,0.000000,3.937259,1.312420,68.738820,382.375188,297770.898559,297772.643400,43512.786666,319796.851906,2.000000
390.000000,0.000000,3.066244,1.022081,57.325767,351.959952,297776.808530,297807.143692,43515.366045,319803.139109,2.000000
391.000000,0.000000,2.387919,0.795973,47.749826,323.444289,297781.734306,297838.874192,43517.705807,319808.379297,1.000000
392.000000,0.000000,1.859655,0.619885,39.729259,296.808303,297785.835018,297868.012731,43519.827461,319812.741756,1.000000
393.000000,0.000000,1.448256,0.482752,33.022054,272.009138,297789.245215,297894.734142,43521.750755,319816.369625,1.000000
394.000000,0.000000,1.127867,0.375956,27.421233,248.986717,297792.078377,297919.208380,43523.493781,319819.383628,1.000000
395.000000,0.000000,0.878356,0.292785,22.750455,227.668494,297794.430003,297941.599136,43525.073082,319821.885357,1.000000
396.000000,0.000000,0.684043,0.228014,18.859990,207.973363,297796.380291,297962.062847,43526.503763,319823.960132,1.000000
397.000000,0.000000,0.532717,0.177572,15.623073,189.814823,297797.996473,297980.748056,43527.799596,319825.679474,1.000000
398.000000,0.000000,0.414867,0.138289,12.932672,173.103522,297799.334814,297997.795021,43528.973126,319827.103241,1.000000
399.000000,0.000000,0.323089,0.107696,10.698624,157.749258,297800.442331,298013.335545,43530.035767,319828.281451,1.000000
400.000000,0.000000,0.251614,0.083871,8.845141,143.662550,297801.358259,298027.492980,43530.997897,319829.255843,1.000000
401.000000,0.000000,0.195951,0.065317,7.308637,130.755821,297802.115298,298040.382343,43531.868944,319830.061203,1.000000
402.000000,0.000000,0.152602,0.050867,6.035859,118.944296,297802.740669,298052.110549,43532.657470,319830.726492,1.000000
403.000000,0.000000,0.118843,0.039614,4.982275,108.146627,297803.257009,298062.776697,43533.371246,319831.275790,1.000000
404.000000,0.000000,0.092552,0.030851,4.110702,98.285341,297803.683124,298072.472421,43534.017321,319831.729103,1.000000
405.000000,0.000000,0.072077,0.024026,3.390133,89.287101,297804.034622,298081.282265,43534.602087,319832.103037,1.000000
406.000000,0.000000,0.056132,0.018711,2.794742,81.082859,297804.324449,298089.284079,43535.131341,319832.411363,1.000000
407.000000,0.000000,0.043714,0.014571,2.303041,73.607895,297804.563330,298096.549425,43535.610334,319832.665492,1.000000
408.000000,0.000000,0.034044,0.011348,1.897172,66.801786,297804.760149,298103.143987,43536.043826,319832.874874,1.000000
409.000000,0.000000,0.026512,0.008837,1.562306,60.608307,297804.922255,298109.127964,43536.436130,319833.047328,1.000000
410.000000,0.000000,0.020647,0.006882,1.286141,54.975301,297805.055728,298114.556462,43536.791149,319833.189320,1.000000
411.000000,0.000000,0.016080,0.005360,1.058480,49.854508,297805.165591,298119.479871,43537.112422,319833.306196,1.000000
412.000000,0.000000,0.012522,0.004174,0.870874,45.201376,297805.255995,298123.944219,43537.403150,319833.402370,1.000000
413.000000,0.000000,0.009752,0.003251,0.716331,40.974864,297805.330367,298127.991511,43537.666235,319833.481489,1.000000
414.000000,0.000000,0.007595,0.002532,0.589067,37.137230,297805.391533,298131.660054,43537.904302,319833.546559,1.000000
415.000000,0.000000,0.005915,0.001972,0.484300,33.653822,297805.441826,298134.984751,43538.119727,319833.600063,1.000000
416.000000,0.000000,0.004606,0.001535,0.398078,30.492874,297805.483170,298137.997386,43538.314662,319833.644046,1.000000
417.000000,0.000000,0.003587,0.001196,0.327139,27.625301,297805.517150,298140.726884,43538.491054,319833.680195,1.000000
418.000000,0.000000,0.002794,0.000931,0.268788,25.024504,297805.545072,298143.199556,43538.650666,319833.709899,1.000000
419.000000,0.000000,0.002176,0.000725,0.220805,22.666181,297805.568012,298145.439319,43538.795094,319833.734303,1.000000
420.000000,0.000000,0.001694,0.000565,0.181355,20.528151,297805.586855,298147.467910,43538.925781,319833.754349,1.000000
421.000000,0.000000,0.001319,0.000440,0.148929,18.590188,297805.602330,298149.305070,43539.044035,319833.770811,1.000000
422.000000,0.000000,0.001028,0.000343,0.122282,16.833858,297805.615037,298150.968728,43539.151037,319833.784330,1.000000
423.000000,0.000000,0.000800,0.000267,0.100387,15.242373,297805.625470,298152.475156,43539.247858,319833.795428,1.000000
424.000000,0.000000,0.000623,0.000208,0.082402,13.800457,297805.634034,298153.839122,43539.335466,319833.804539,0.000000
425.000000,0.000000,0.000485,0.000162,0.067629,12.494212,297805.641064,298155.074021,43539.414738,319833.812017,0.000000
426.000000,0.000000,0.000378,0.000126,0.055498,11.311005,297805.646832,298156.192005,43539.486467,319833.818154,0.000000
427.000000,0.000000,0.000294,0.000098,0.045538,10.239354,297805.651566,298157.204090,43539.551370,319833.823190,0.000000
428.000000,0.000000,0.000229,0.000076,0.037361,9.268830,297805.655450,298158.120267,43539.610097,319833.827322,0.000000
429.000000,0.000000,0.000179,0.000060,0.030649,8.389963,297805.658637,298158.949588,43539.663236,319833.830712,0.000000
430.000000,0.000000,0.000139,0.000046,0.025140,7.594157,297805.661250,298159.700260,43539.711318,319833.833493,0.000000
431.000000,0.000000,0.000108,0.000036,0.020620,6.873610,297805.663394,298160.379718,43539.754825,319833.835774,0.000000
432.000000,0.000000,0.000084,0.000028,0.016911,6.221245,297805.665153,298160.994699,43539.794191,319833.837644,0.000000
433.000000,0.000000,0.000066,0.000022,0.013867,5.630645,297805.666595,298161.551306,43539.829811,319833.839178,0.000000
434.000000,0.000000,0.000051,0.000017,0.011371,5.095988,297805.667777,298162.055066,43539.862042,319833.840436,0.000000
435.000000,0.000000,0.000040,0.000013,0.009323,4.611997,297805.668747,298162.510986,43539.891205,319833.841468,0.000000
436.000000,0.000000,0.000031,0.000010,0.007644,4.173890,297805.669542,298162.923602,43539.917593,319833.842313,0.000000
437.000000,0.000000,0.000024,0.000008,0.006266,3.777332,297805.670193,298163.297018,43539.941469,319833.843006,0.000000
438.000000,0.000000,0.000019,0.000006,0.005137,3.418394,297805.670727,298163.634954,43539.963074,319833.843575,0.000000
439.000000,0.000000,0.000015,0.000005,0.004210,3.093518,297805.671165,298163.940775,43539.982622,319833.844041,0.000000
440.000000,0.000000,0.000011,0.000004,0.003451,2.799480,297805.671524,298164.217530,43540.000311,319833.844423,0.000000
441.000000,0.000000,0.000009,0.000003,0.002828,2.533359,297805.671819,298164.467978,43540.016315,319833.844736,0.000000
442.000000,0.000000,0.000007,0.000002,0.002318,2.292510,297805.672060,298164.694617,43540.030797,319833.844992,0.000000
443.000000,0.000000,0.000005,0.000002,0.001900,2.074538,297805.672257,298164.899708,43540.043901,319833.845202,0.000000
444.000000,0.000000,0.000004,0.000001,0.001557,1.877274,297805.672419,298165.085299,43540.055757,319833.845374,0.000000
445.000000,0.000000,0.000003,0.000001,0.001276,1.698753,297805.672552,298165.253241,43540.066485,319833.845516,0.000000
446.000000,0.000000,0.000003,0.000001,0.001045,1.537198,297805.672661,298165.405212,43540.076192,319833.845631,0.000000
447.000000,0.000000,0.000002,0.000001,0.000856,1.390997,297805.672750,298165.542729,43540.084976,319833.845726,0.000000
448.000000,0.000000,0.000002,0.000001,0.000702,1.258694,297805.672823,298165.667168,43540.092923,319833.845804,0.000000
449.000000,0.000000,0.000001,0.000000,0.000575,1.138968,297805.672883,298165.779770,43540.100115,319833.845867,0.000000
450.000000,0.000000,0.000001,0.000000,0.000471,1.030625,297805.672932,298165.881661,43540.106621,319833.845920,0.000000
451.000000,0.000000,0.000001,0.000000,0.000386,0.932584,297805.672972,298165.973860,43540.112509,319833.845962,0.000000
452.000000,0.000000,0.000001,0.000000,0.000316,0.843866,297805.673005,298166.057287,43540.117836,319833.845997,0.000000
453.000000,0.000000,0.000000,0.000000,0.000259,0.763585,297805.673031,298166.132779,43540.122657,319833.846026,0.000000
454.000000,0.000000,0.000000,0.000000,0.000212,0.690939,297805.673054,298166.201088,43540.127018,319833.846049,0.000000
455.000000,0.000000,0.000000,0.000000,0.000174,0.625203,297805.673072,298166.262898,43540.130965,319833.846069,0.000000
456.000000,0.000000,0.000000,0.000000,0.000142,0.565719,297805.673086,298166.318828,43540.134536,319833.846084,0.000000
457.000000,0.000000,0.000000,0.000000,0.000117,0.511893,297805.673099,298166.369436,43540.137767,319833.846097,0.000000
458.000000,0.000000,0.000000,0.000000,0.000095,0.463188,297805.673109,298166.415229,43540.140690,319833.846108,0.000000
459.000000,0.000000,0.000000,0.000000,0.000078,0.419116,297805.673117,298166.456665,43540.143336,319833.846116,0.000000
460.000000,0.000000,0.000000,0.000000,0.000064,0.379237,297805.673123,298166.494158,43540.145729,319833.846124,0.000000
461.000000,0.000000,0.000000,0.000000,0.000052,0.343151,297805.673129,298166.528084,43540.147895,319833.846129,0.000000
462.000000,0.000000,0.000000,0.000000,0.000043,0.310499,297805.673133,298166.558781,43540.149855,319833.846134,0.000000
463.000000,0.000000,0.000000,0.000000,0.000035,0.280954,297805.673137,298166.586558,43540.151628,319833.846138,0.000000
464.000000,0.000000,0.000000,0.000000,0.000029,0.254219,297805.673140,298166.611691,43540.153232,319833.846141,0.000000
465.000000,0.000000,0.000000,0.000000,0.000024,0.230028,297805.673142,298166.634433,43540.154684,319833.846144,0.000000
466.000000,0.000000,0.000000,0.000000,0.000019,0.208139,297805.673144,298166.655011,43540.155998,319833.846146,0.000000
467.000000,0.000000,0.000000,0.000000,0.000016,0.188333,297805.673146,298166.673630,43540.157186,319833.846148,0.000000
468.000000,0.000000,0.000000,0.000000,0.000013,0.170411,297805.673147,298166.690478,43540.158262,319833.846149,0.000000
469.000000,0.000000,0.000000,0.000000,0.000011,0.154195,297805.673148,298166.705723,43540.159235,319833.846150,0.000000
470.000000,0.000000,0.000000,0.000000,0.000009,0.139521,297805.673149,298166.719516,43540.160115,319833.846151,0.000000
471.000000,0.000000,0.000000,0.000000,0.000007,0.126244,297805.673150,298166.731998,43540.160912,319833.846152,0.000000
472.000000,0.000000,0.000000,0.000000,0.000006,0.114231,297805.673151,298166.743291,43540.161633,319833.846153,0.000000
473.000000,0.000000,0.000000,0.000000,0.000005,0.103360,297805.673151,298166.753510,43540.162285,319833.846153,0.000000
474.000000,0.000000,0.000000,0.000000,0.000004,0.093524,297805.673152,298166.762756,43540.162876,319833.846154,0.000000
475.000000,0.000000,0.000000,0.000000,0.000003,0.084624,297805.673152,298166.771123,43540.163410,319833.846154,0.000000
476.000000,0.000000,0.000000,0.000000,0.000003,0.076571,297805.673152,298166.778693,43540.163893,319833.846154,0.000000
477.000000,0.000000,0.000000,0.000000,0.000002,0.069284,297805.673152,298166.785543,43540.164330,319833.846155,0.000000
478.000000,0.000000,0.000000,0.000000,0.000002,0.062691,297805.673153,298166.791741,43540.164726,319833.846155,0.000000
479.000000,0.000000,0.000000,0.000000,0.000001,0.056725,297805.673153,298166.797349,43540.165084,319833.846155,0.000000
480.000000,0.000000,0.000000,0.000000,0.000001,0.051326,297805.673153,298166.802423,43540.165408,319833.846155,0.000000
481.000000,0.000000,0.000000,0.000000,0.000001,0.046442,297805.673153,298166.807015,43540.165701,319833.846155,0.000000
482.000000,0.000000,0.000000,0.000000,0.000001,0.042022,297805.673153,298166.811169,43540.165966,319833.846155,0.000000
483.000000,0.000000,0.000000,0.000000,0.000001,0.038023,297805.673153,298166.814928,43540.166206,319833.846155,0.000000
484.000000,0.000000,0.000000,0.000000,0.000001,0.034405,297805.673153,298166.818330,43540.166423,319833.846155,0.000000
485.000000,0.000000,0.000000,0.000000,0.000000,0.031131,297805.673153,298166.821408,43540.166619,319833.846155,0.000000
486.000000,0.000000,0.000000,0.000000,0.000000,0.028168,297805.673153,298166.824192,43540.166797,319833.846155,0.000000
487.000000,0.000000,0.000000,0.000000,0.000000,0.025487,297805.673153,298166.826712,43540.166958,319833.846156,0.000000
488.000000,0.000000,0.000000,0.000000,0.000000,0.023062,297805.673153,298166.828992,43540.167104,319833.846156,0.000000
489.000000,0.000000,0.000000,0.000000,0.000000,0.020867,297805.673153,298166.831055,43540.167235,319833.846156,0.000000
490.000000,0.000000,0.000000,0.000000,0.000000,0.018881,297805.673153,298166.832922,43540.167354,319833.846156,0.000000
491.000000,0.000000,0.000000,0.000000,0.000000,0.017084,297805.673153,298166.834611,43540.167462,319833.846156,0.000000
492.000000,0.000000,0.000000,0.000000,0.000000,0.015459,297805.673153,298166.836139,43540.167560,319833.846156,0.000000
493.000000,0.000000,0.000000,0.000000,0.000000,0.013987,297805.673153,298166.837522,43540.167648,319833.846156,0.000000
494.000000,0.000000,0.000000,0.000000,0.000000,0.012656,297805.673153,298166.838774,43540.167728,319833.846156,0.000000
495.000000,0.000000,0.000000,0.000000,0.000000,0.011452,297805.673153,298166.839906,43540.167800,319833.846156,0.000000
496.000000,0.000000,0.000000,0.000000,0.000000,0.010362,297805.673153,298166.840930,43540.167866,319833.846156,0.000000
497.000000,0.000000,0.000000,0.000000,0.000000,0.009376,297805.673153,298166.841857,43540.167925,319833.846156,0.000000
498.000000,0.000000,0.000000,0.000000,0.000000,0.008484,297805.673153,298166.842696,43540.167978,319833.846156,0.000000
499.000000,0.000000,0.000000,0.000000,0.000000,0.007676,297805.673153,298166.843455,43540.168027,319833.846156,0.000000
500.000000,0.000000,0.000000,0.000000,0.000000,0.006946,297805.673153,298166.844142,43540.168071,319833.846156,0.000000
501.000000,0.000000,0.000000,0.000000,0.000000,0.006285,297805.673153,298166.844763,43540.168110,319833.846156,0.000000
502.000000,0.000000,0.000000,0.000000,0.000000,0.005687,297805.673153,298166.845325,43540.168146,319833.846156,0.000000
503.000000,0.000000,0.000000,0.000000,0.000000,0.005145,297805.673153,298166.845834,43540.168179,319833.846156,0.000000
504.000000,0.000000,0.000000,0.000000,0.000000,0.004656,297805.673153,298166.846294,43540.168208,319833.846156,0.000000
505.000000,0.000000,0.000000,0.000000,0.000000,0.004213,297805.673153,298166.846711,43540.168235,319833.846156,0.000000
506.000000,0.000000,0.000000,0.000000,0.000000,0.003812,297805.673153,298166.847088,43540.168259,319833.846156,0.000000
507.000000,0.000000,0.000000,0.000000,0.000000,0.003449,297805.673153,298166.847428,43540.168280,319833.846156,0.000000
508.000000,0.000000,0.000000,0.000000,0.000000,0.003121,297805.673153,298166.847737,43540.168300,319833.846156,0.000000
509.000000,0.000000,0.000000,0.000000,0.000000,0.002824,297805.673153,298166.848016,43540.168318,319833.846156,0.000000
510.000000,0.000000,0.000000,0.000000,0.000000,0.002555,297805.673153,298166.848269,43540.168334,319833.846156,0.000000
511.000000,0.000000,0.000000,0.000000,0.000000,0.002312,297805.673153,298166.848497,43540.168349,319833.846156,0.000000
512.000000,0.000000,0.000000,0.000000,0.000000,0.002092,297805.673153,298166.848704,43540.168362,319833.846156,0.000000
513.000000,0.000000,0.000000,0.000000,0.000000,0.001893,297805.673153,298166.848891,43540.168374,319833.846156,0.000000
514.000000,0.000000,0.000000,0.000000,0.000000,0.001713,297805.673153,298166.849061,43540.168385,319833.846156,0.000000
515.000000,0.000000,0.000000,0.000000,0.000000,0.001550,297805.673153,298166.849214,43540.168394,319833.846156,0.000000
516.000000,0.000000,0.000000,0.000000,0.000000,0.001402,297805.673153,298166.849353,43540.168403,319833.846156,0.000000
517.000000,0.000000,0.000000,0.000000,0.000000,0.001269,297805.673153,298166.849478,43540.168411,319833.846156,0.000000
518.000000,0.000000,0.000000,0.000000,0.000000,0.001148,297805.673153,298166.849591,43540.168418,319833.846156,0.000000
519.000000,0.000000,0.000000,0.000000,0.000000,0.001039,297805.673153,298166.849694,43540.168425,319833.846156,0.000000
520.000000,0.000000,0.000000,0.000000,0.000000,0.000940,297805.673153,298166.849787,43540.168431,319833.846156,0.000000
521.000000,0.000000,0.000000,0.000000,0.000000,0.000850,297805.673153,298166.849871,43540.168436,319833.846156,0.000000
522.000000,0.000000,0.000000,0.000000,0.000000,0.000770,297805.673153,298166.849947,43540.168441,319833.846156,0.000000
523.000000,0.000000,0.000000,0.000000,0.000000,0.000696,297805.673153,298166.850016,43540.168446,319833.846156,0.000000
524.000000,0.000000,0.000000,0.000000,0.000000,0.000630,297805.673153,298166.850078,43540.168449,319833.846156,0.000000
525.000000,0.000000,0.000000,0.000000,0.000000,0.000570,297805.673153,298166.850135,43540.168453,319833.846156,0.000000
526.000000,0.000000,0.000000,0.000000,0.000000,0.000516,297805.673153,298166.850186,43540.168456,319833.846156,0.000000
527.000000,0.000000,0.000000,0.000000,0.000000,0.000467,297805.673153,298166.850232,43540.168459,319833.846156,0.000000
528.000000,0.000000,0.000000,0.000000,0.000000,0.000422,297805.673153,298166.850274,43540.168462,319833.846156,0.000000
529.000000,0.000000,0.000000,0.000000,0.000000,0.000382,297805.673153,298166.850311,43540.168464,319833.846156,0.000000
530.000000,0.000000,0.000000,0.000000,0.000000,0.000346,297805.673153,298166.850346,43540.168467,319833.846156,0.000000
531.000000,0.000000,0.000000,0.000000,0.000000,0.000313,297805.673153,298166.850377,43540.168469,319833.846156,0.000000
532.000000,0.000000,0.000000,0.000000,0.000000,0.000283,297805.673153,298166.850404,43540.168470,319833.846156,0.000000
533.000000,0.000000,0.000000,0.000000,0.000000,0.000256,297805.673153,298166.850430,43540.168472,319833.846156,0.000000
534.000000,0.000000,0.000000,0.000000,0.000000,0.000232,297805.673153,298166.850453,43540.168473,319833.846156,0.000000
535.000000,0.000000,0.000000,0.000000,0.000000,0.000210,297805.673153,298166.850473,43540.168475,319833.846156,0.000000
536.000000,0.000000,0.000000,0.000000,0.000000,0.000190,297805.673153,298166.850492,43540.168476,319833.846156,0.000000
537.000000,0.000000,0.000000,0.000000,0.000000,0.000172,297805.673153,298166.850509,43540.168477,319833.846156,0.000000
538.000000,0.000000,0.000000,0.000000,0.000000,0.000155,297805.673153,298166.850525,43540.168478,319833.846156,0.000000
539.000000,0.000000,0.000000,0.000000,0.000000,0.000141,297805.673153,298166.850538,43540.168479,319833.846156,0.000000
540.000000,0.000000,0.000000,0.000000,0.000000,0.000127,297805.673153,298166.850551,43540.168480,319833.846156,0.000000
541.000000,0.000000,0.000000,0.000000,0.000000,0.000115,297805.673153,298166.850562,43540.168480,319833.846156,0.000000
542.000000,0.000000,0.000000,0.000000,0.000000,0.000104,297805.673153,298166.850573,43540.168481,319833.846156,0.000000
543.000000,0.000000,0.000000,0.000000,0.000000,0.000094,297805.673153,298166.850582,43540.168482,319833.846156,0.000000
544.000000,0.000000,0.000000,0.000000,0.000000,0.000085,297805.673153,298166.850590,43540.168482,319833.846156,0.000000
545.000000,0.000000,0.000000,0.000000,0.000000,0.000077,297805.673153,298166.850598,43540.168483,319833.846156,0.000000
546.000000,0.000000,0.000000,0.000000,0.000000,0.000070,297805.673153,298166.850605,43540.168483,319833.846156,0.000000
547.000000,0.000000,0.000000,0.000000,0.000000,0.000063,297805.673153,298166.850611,43540.168483,319833.846156,0.000000
548.000000,0.000000,0.000000,0.000000,0.000000,0.000057,297805.673153,298166.850617,43540.168484,319833.846156,0.000000
549.000000,0.000000,0.000000,0.000000,0.000000,0.000052,297805.673153,298166.850622,43540.168484,319833.846156,0.000000
550.000000,0.000000,0.000000,0.000000,0.000000,0.000047,297805.673153,298166.850627,43540.168484,319833.846156,0.000000
551.000000,0.000000,0.000000,0.000000,0.000000,0.000042,297805.673153,298166.850631,43540.168485,319833.846156,0.000000
552.000000,0.000000,0.000000,0.000000,0.000000,0.000038,297805.673153,298166.850635,43540.168485,319833.846156,0.000000
553.000000,0.000000,0.000000,0.000000,0.000000,0.000035,297805.673153,298166.850638,43540.168485,319833.846156,0.000000
554.000000,0.000000,0.000000,0.000000,0.000000,0.000031,297805.673153,298166.850641,43540.168485,319833.846156,0.000000
555.000000,0.000000,0.000000,0.000000,0.000000,0.000028,297805.673153,298166.850644,43540.168486,319833.846156,0.000000
556.000000,0.000000,0.000000,0.000000,0.000000,0.000026,297805.673153,298166.850646,43540.168486,319833.846156,0.000000
557.000000,0.000000,0.000000,0.000000,0.000000,0.000023,297805.673153,298166.850649,43540.168486,319833.846156,0.000000
558.000000,0.000000,0.000000,0.000000,0.000000,0.000021,297805.673153,298166.850651,43540.168486,319833.846156,0.000000
559.000000,0.000000,0.000000,0.000000,0.000000,0.000019,297805.673153,298166.850653,43540.168486,319833.846156,0.000000
560.000000,0.000000,0.000000,0.000000,0.000000,0.000017,297805.673153,298166.850654,43540.168486,319833.846156,0.000000
561.000000,0.000000,0.000000,0.000000,0.000000,0.000016,297805.673153,298166.850656,43540.168486,319833.846156,0.000000
562.000000,0.000000,0.000000,0.000000,0.000000,0.000014,297805.673153,298166.850657,43540.168486,319833.846156,0.000000
563.000000,0.000000,0.000000,0.000000,0.000000,0.000013,297805.673153,298166.850659,43540.168487,319833.846156,0.000000
564.000000,0.000000,0.000000,0.000000,0.000000,0.000012,297805.673153,298166.850660,43540.168487,319833.846156,0.000000
565.000000,0.000000,0.000000,0.000000,0.000000,0.000010,297805.673153,298166.850661,43540.168487,319833.846156,0.000000
566.000000,0.000000,0.000000,0.000000,0.000000,0.000009,297805.673153,298166.850662,43540.168487,319833.846156,0.000000
567.000000,0.000000,0.000000,0.000000,0.000000,0.000009,297805.673153,298166.850663,43540.168487,319833.846156,0.000000
568.000000,0.000000,0.000000,0.000000,0.000000,0.000008,297805.673153,298166.850663,43540.168487,319833.846156,0.000000
569.000000,0.000000,0.000000,0.000000,0.000000,0.000007,297805.673153,298166.850664,43540.168487,319833.846156,0.000000
570.000000,0.000000,0.000000,0.000000,0.000000,0.000006,297805.673153,298166.850665,43540.168487,319833.846156,0.000000
571.000000,0.000000,0.000000,0.000000,0.000000,0.000006,297805.673153,298166.850665,43540.168487,319833.846156,0.000000
572.000000,0.000000,0.000000,0.000000,0.000000,0.000005,297805.673153,298166.850666,43540.168487,319833.846156,0.000000
573.000000,0.000000,0.000000,0.000000,0.000000,0.000005,297805.673153,298166.850666,43540.168487,319833.846156,0.000000
574.000000,0.000000,0.000000,0.000000,0.000000,0.000004,297805.673153,298166.850667,43540.168487,319833.846156,0.000000
575.000000,0.000000,0.000000,0.000000,0.000000,0.000004,297805.673153,298166.850667,43540.168487,319833.846156,0.000000
576.000000,0.000000,0.000000,0.000000,0.000000,0.000003,297805.673153,298166.850667,43540.168487,319833.846156,0.000000
577.000000,0.000000,0.000000,0.000000,0.000000,0.000003,297805.673153,298166.850668,43540.168487,319833.846156,0.000000
578.000000,0.000000,0.000000,0.000000,0.000000,0.000003,297805.673153,298166.850668,43540.168487,319833.846156,0.000000
579.000000,0.000000,0.000000,0.000000,0.000000,0.000003,297805.673153,298166.850668,43540.168487,319833.846156,0.000000
580.000000,0.000000,0.000000,0.000000,0.000000,0.000002,297805.673153,298166.850668,43540.168487,319833.846156,0.000000
581.000000,0.000000,0.000000,0.000000,0.000000,0.000002,297805.673153,298166.850669,43540.168487,319833.846156,0.000000
582.000000,0.000000,0.000000,0.000000,0.000000,0.000002,297805.673153,298166.850669,43540.168487,319833.846156,0.000000
583.000000,0.000000,0.000000,0.000000,0.000000,0.000002,297805.673153,298166.850669,43540.168487,319833.846156,0.000000
584.000000,0.000000,0.000000,0.000000,0.000000,0.000002,297805.673153,298166.850669,43540.168487,319833.846156,0.000000
585.000000,0.000000,0.000000,0.000000,0.000000,0.000001,297805.673153,298166.850669,43540.168487,319833.846156,0.000000
586.000000,0.000000,0.000000,0.000000,0.000000,0.000001,297805.673153,298166.850669,43540.168487,319833.846156,0.000000
587.000000,0.000000,0.000000,0.000000,0.000000,0.000001,297805.673153,298166.850669,43540.168487,319833.846156,0.000000
588.000000,0.000000,0.000000,0.000000,0.000000,0.000001,297805.673153,298166.850670,43540.168487,319833.846156,0.000000
589.000000,0.000000,0.000000,0.000000,0.000000,0.000001,297805.673153,298166.850670,43540.168487,319833.846156,0.000000
590.000000,0.000000,0.000000,0.000000,0.000000,0.000001,297805.673153,298166.850670,43540.168487,319833.846156,0.000000
591.000000,0.000000,0.000000,0.000000,0.000000,0.000001,297805.673153,298166.850670,43540.168487,319833.846156,0.000000
592.000000,0.000000,0.000000,0.000000,0.000000,0.000001,297805.673153,298166.850670,43540.168487,319833.846156,0.000000
593.000000,0.000000,0.000000,0.000000,0.000000,0.000001,297805.673153,298166.850670,43540.168487,319833.846156,0.000000
594.000000,0.000000,0.000000,0.000000,0.000000,0.000001,297805.673153,298166.850670,43540.168487,319833.846156,0.000000
595.000000,0.000000,0.000000,0.000000,0.000000,0.000001,297805.673153,298166.850670,43540.168487,319833.846156,0.000000
596.000000,0.000000,0.000000,0.000000,0.000000,0.000000,297805.673153,298166.850670,43540.168487,319833.846156,0.000000
597.000000,0.000000,0.000000,0.000000,0.000000,0.000000,297805.673153,298166.850670,43540.168487,319833.846156,0.000000
598.000000,0.000000,0.000000,0.000000,0.000000,0.000000,297805.673153,298166.850670,43540.168487,319833.846156,0.000000
599.000000,0.000000,0.000000,0.000000,0.000000,0.000000,297805.673153,298166.850670,43540.168487,319833.846156,0.000000
600.000000,0.000000,0.000000,0.000000,0.000000,0.000000,297805.673153,298166.850670,43540.168487,319833.846156,0.000000
