Time,nz-c3.S,nz-c3.E,nz-c3.P,nz-c3.Iu,nz-c3.Ic,nz-c3.Ru,nz-c3.Rc,nz-c3.D,nz-c3.cases,nz-c3.Level
0.000000,4820875.800000,904.800000,226.200000,187.200000,39.000000,0.000000,0.000000,0.000000,39.000000,0.000000
1.000000,4820788.120121,783.087898,214.017730,353.910652,61.526790,27.157482,4.855959,0.323368,66.431800,0.000000
2.000000,4820658.461278,725.276418,196.497492,475.294157,95.550730,68.542975,12.557752,0.819199,108.235328,0.000000
3.000000,4820494.827777,710.191352,185.070431,561.311093,136.073579,120.086677,23.983834,1.455258,160.299674,0.000000
4.000000,4820302.882471,723.414735,181.234380,624.971892,179.749678,178.940778,39.598597,2.207468,219.748261,0.000000
5.000000,4820086.001896,755.734084,183.761427,676.713169,224.682342,243.435765,59.610247,3.061071,284.894712,0.000000
6.000000,4819845.788496,801.534382,191.093399,723.721585,269.988762,312.771758,84.092884,4.008734,354.931069,0.000000
7.000000,4819582.595211,857.539863,201.998332,770.602566,315.422581,386.725694,113.067339,5.048414,429.632014,0.000000
8.000000,4819295.921984,921.948244,215.649797,820.202779,361.108154,465.437212,146.550139,6.181690,509.138598,0.000000
9.000000,4818984.681703,993.871574,231.548698,874.264414,407.371196,549.268637,184.581154,7.412624,593.816806,0.000000
10.000000,4818647.366705,1072.988137,249.426660,933.876118,454.637777,638.719478,227.238079,8.747046,684.171190,0.000000
11.000000,4818282.147419,1159.330905,269.168825,999.762628,503.377650,734.377160,274.643286,10.192126,780.795111,0.000000
12.000000,4817886.927053,1253.161308,290.760400,1072.463232,554.074790,836.890564,326.966521,11.756132,884.344004,0.000000
13.000000,4817459.368549,1354.895244,314.252179,1152.438758,607.214001,946.957409,384.425548,13.448313,995.522635,0.000000
14.000000,4816996.904174,1465.060670,339.739284,1240.134497,663.276681,1065.319880,447.285966,15.278847,1115.080687,0.000000
15.000000,4816496.734154,1584.274180,367.348511,1336.016770,722.741592,1192.765061,515.860885,17.258848,1243.813192,0.000000
16.000000,4815955.818237,1713.228962,397.231093,1440.594122,786.088224,1330.128155,590.510813,19.400394,1382.563793,0.000000
17.000000,4815370.862473,1852.689635,429.558815,1554.429802,853.801405,1478.297341,671.643951,21.716579,1532.229638,0.000000
18.000000,4814738.302515,2003.491269,464.522178,1678.149503,926.376390,1638.219595,759.716969,24.221581,1693.767268,0.000000
19.000000,4814054.284216,2166.541021,502.329824,1812.446660,1004.324087,1810.907148,855.236302,26.930742,1868.199139,0.000000
20.000000,4813314.641870,2342.821481,543.208754,1958.086667,1088.176222,1997.444408,958.759947,29.860650,2056.620614,0.000000
21.000000,4812514.874313,2533.395174,587.405041,2115.910777,1178.490393,2198.995274,1070.899786,33.029243,2260.207348,0.000000
22.000000,4811650.118902,2739.409934,635.184892,2286.840114,1275.855017,2416.810848,1192.324381,36.455911,2480.223079,0.000000
23.000000,4810715.123367,2962.104989,686.835954,2471.880038,1380.894214,2652.237548,1323.762277,40.161614,2718.027826,0.000000
24.000000,4809704.215450,3202.817642,742.668810,2672.124993,1494.272644,2906.725687,1466.005768,44.169005,2975.086552,0.000000
25.000000,4808611.270226,3462.990545,803.018643,2888.763916,1616.700396,3181.838552,1619.915160,48.502563,3252.978335,0.000000
26.000000,4807429.674971,3744.179517,868.247043,3123.086239,1748.937930,3479.262054,1786.423503,53.188743,3553.406115,0.000000
27.000000,4806152.291450,4048.061937,938.743966,3376.488510,1891.801175,3800.814997,1966.541835,58.256130,3878.207068,0.000000
28.000000,4804771.415455,4376.445706,1014.929828,3650.481661,2046.166778,4148.460038,2161.364928,63.735606,4229.363675,0.000000
29.000000,4803278.733439,4731.278802,1097.257748,3946.698913,2212.977597,4524.315393,2372.077572,69.660535,4609.015548,0.000000
30.000000,4801665.276081,5114.659440,1186.215941,4266.904363,2393.248444,4930.667367,2599.961407,76.066957,5019.472088,0.000000
31.000000,4799921.368604,5528.846859,1282.330254,4613.002241,2588.072134,5369.983760,2846.402348,82.993799,5463.226020,0.000000
32.000000,4798036.577680,5976.272751,1386.166874,4987.046876,2798.625874,5844.928230,3112.898615,90.483099,5942.967909,0.000000
33.000000,4795999.654743,6459.553338,1498.335176,5391.253368,3026.178027,6358.375671,3401.069424,98.580253,6461.601688,0.000000
34.000000,4793798.475539,6981.502111,1619.490753,5828.008993,3272.095282,6913.428689,3712.664360,107.334273,7022.261302,0.000000
35.000000,4791419.975760,7545.143225,1750.338596,6299.885363,3537.850263,7513.435242,4049.573482,116.798068,7628.328528,0.000000
36.000000,4788850.082580,8153.725548,1891.636444,6809.651337,3825.029610,8162.007525,4413.838211,127.028745,8283.452045,0.000000
37.000000,4786073.641976,8810.737349,2044.198294,7360.286704,4135.342552,8863.042160,4807.663033,138.087931,8991.567838,0.000000
38.000000,4783074.341692,9519.921583,2208.898071,7954.996645,4470.630011,9620.741795,5233.428083,150.042120,9756.921005,0.000000
39.000000,4779834.629747,10285.291740,2386.673445,8597.226969,4832.874246,10439.638158,5693.702655,162.963039,10584.089049,0.000000
40.000000,4776335.628421,11111.148203,2578.529787,9290.680112,5224.209069,11324.616672,6191.259693,176.928044,11478.006739,0.000000
41.000000,4772557.043674,12002.095005,2785.544249,10039.331875,5646.930651,12280.942672,6729.091327,192.020545,12443.992598,0.000000
42.000000,4768477.070033,12963.056919,3008.869942,10847.448889,6103.508923,13314.289337,7310.425504,208.330453,13487.777108,0.000000
43.000000,4764072.290997,13999.296701,3249.740194,11719.606721,6596.599585,14430.767366,7938.743777,225.954658,14615.532693,0.000000
44.000000,4759317.575129,15116.432353,3509.472843,12660.708594,7129.056733,15636.956485,8617.800319,244.997543,15833.905540,0.000000
45.000000,4754185.968054,16320.454175,3789.474529,13676.004595,7703.946080,16939.938830,9351.642212,265.571526,17150.049324,0.000000
46.000000,4748648.580708,17617.741358,4091.244927,14771.111274,8324.558773,18347.334258,10144.631073,287.797630,18571.660867,0.000000
47.000000,4742674.474287,19015.077813,4416.380864,15952.031480,8994.425775,19867.186974,11001.381160,312.041647,20107.017778,0.000000
48.000000,4736230.542514,20519.666867,4766.580234,17225.174239,9717.332763,21507.372662,11926.427203,339.903519,21765.018073,0.000000
49.000000,4729281.391970,22139.144394,5143.645621,18597.374453,10497.335496,23277.114701,12925.081752,371.911612,23555.221781,0.000000
50.000000,4721789.221482,23881.589865,5549.487530,20075.912132,11338.775581,25186.473135,14003.150556,408.389719,25487.894496,0.000000
51.000000,4713713.701733,25755.534730,5986.127073,21668.530829,12246.296522,27246.243975,15166.879505,449.685633,27574.052818,0.000000
52.000000,4705011.856543,27769.967434,6455.697994,23383.454870,13224.859952,29468.005477,16422.985015,496.172715,29825.511579,0.000000
53.000000,4695637.947570,29934.334271,6960.447826,25229.404901,14279.761875,31864.166036,17778.685999,548.251522,32254.932716,0.000000
54.000000,4685543.364470,32258.535165,7502.738004,27215.611192,15416.648745,34448.013498,19241.737427,606.351500,34875.875585,0.000000
55.000000,4674676.522971,34752.913347,8085.042688,29351.824055,16641.533139,37233.765631,20820.465442,670.932727,37702.848470,0.000000
56.000000,4662982.773670,37428.237757,8709.946048,31648.320597,17960.808767,40236.621457,22523.803988,742.487714,40751.360963,0.000000
57.000000,4650404.324869,40295.676863,9380.137715,34115.906959,19381.264482,43472.813027,24361.332852,821.543233,44037.976797,0.000000
58.000000,4636880.183192,43366.762452,10098.406062,36765.915038,20910.096907,46959.657146,26343.317026,908.662178,47580.366628,0.000000
59.000000,4622346.116304,46653.341800,10867.628968,39610.192556,22554.921249,50715.606476,28480.747215,1004.445434,51397.360187,0.000000
60.000000,4606734.642565,50167.516485,11690.761654,42661.085232,24323.779752,54760.299277,30785.381297,1109.533737,55508.997032,0.000000
61.000000,4589975.053061,53921.565990,12570.821167,45931.409615,26225.147222,59114.606964,33269.786471,1224.609510,59936.575084,0.000000
62.000000,4571993.472030,57927.854101,13510.867043,49434.415026,28267.932921,63800.678475,35947.381776,1350.398629,64702.695900,0.000000
63.000000,4552712.962292,62198.716075,14513.977655,53183.732903,30461.478064,68841.980312,38832.480589,1487.672111,69831.305538,0.000000
64.000000,4532053.682869,66746.324441,15583.221751,57193.311662,32815.548053,74263.330923,41940.332626,1637.247676,75347.729639,0.000000
65.000000,4509933.106475,71582.531366,16721.624643,61477.335119,35340.318471,80090.927914,45287.164882,1799.991130,81278.701198,0.000000
66.000000,4486266.305021,76718.685560,17932.128542,66050.122345,38046.353762,86352.366369,48890.220856,1976.817547,87652.379267,0.000000
67.000000,4468108.781301,75296.033628,18971.064917,70899.825594,40944.369406,93076.441051,52767.796149,2168.687954,94498.147280,4.000000
68.000000,4464699.515519,61659.125394,17578.104049,74738.626446,43998.231730,100245.779065,56938.000407,2375.617388,101798.314296,4.000000
69.000000,4461138.686958,51171.666724,15210.948837,76033.026804,47007.196437,107670.071623,61407.543681,2593.858936,109358.835339,4.000000
70.000000,4457506.339333,43066.150394,12910.368401,74939.391307,49733.160464,115099.427937,66160.180911,2817.981253,116924.875283,4.000000
71.000000,4453871.983415,36754.412005,10954.630416,72112.598290,52006.351219,122330.644227,71159.290484,3043.089944,124289.187937,4.000000
72.000000,4450288.761498,31792.901630,9366.829048,68200.089959,53737.077340,129226.400581,76355.563683,3265.376262,131311.708932,4.000000
73.000000,4446794.647538,27849.567802,8095.983830,63710.676324,54899.447906,135706.434565,81694.159052,3482.082983,137910.562253,4.000000
74.000000,4443415.375819,24676.590801,7078.914267,59006.557095,55511.230549,141733.046940,87119.968448,3691.316080,144047.281009,4.000000
75.000000,4440167.357980,22089.174249,6259.246130,54329.531628,55616.905934,147297.900893,92581.038053,3891.845133,149713.345007,4.000000
76.000000,4437060.112821,19949.462912,5591.532984,49831.524432,55275.159866,152411.729412,98030.543983,4082.933591,154919.683426,4.000000
77.000000,4434098.158418,18154.493267,5040.613728,45600.656812,54550.285207,157096.848440,103427.738827,4264.205302,159689.038888,4.000000
78.000000,4431282.441112,16627.217757,4579.765330,41681.300311,53506.592031,161381.931224,108738.209116,4435.543120,164050.637745,4.000000
79.000000,4428611.398020,15309.837254,4188.825577,38088.761656,52204.990320,165298.477225,113933.696753,4597.013195,168036.588746,4.000000
80.000000,4426081.739941,14158.854500,3852.613603,34819.733683,50701.081675,168878.504046,118991.663569,4748.808983,171679.529137,4.000000
81.000000,4423689.024587,13141.406258,3559.689645,31859.580302,49044.266493,172153.101001,123894.721609,4891.210105,175011.149604,4.000000
82.000000,4421428.073982,12232.543924,3301.410058,29187.319187,47277.512148,175151.578023,128630.010413,5024.552265,178061.326424,4.000000
83.000000,4419293.276554,11413.217111,3071.217304,26778.959039,45437.533437,177901.017937,133188.573235,5149.205382,180857.664996,4.000000
84.000000,4417278.804205,10668.778077,2864.110036,24609.676287,43555.214097,180426.095764,137564.763737,5265.557797,183425.315697,4.000000
85.000000,4415378.766798,9987.872032,2676.248794,22655.183263,41656.153929,182749.069447,141755.700781,5374.004955,185786.964556,4.000000
86.000000,4413587.320705,9361.613326,2504.662990,20892.540568,39761.265523,184889.875811,145760.779688,5474.941389,187962.931206,4.000000
87.000000,4411898.743696,8782.973476,2347.033232,19300.593507,37887.372135,186866.286561,149581.242264,5568.755130,189971.328045,4.000000
88.000000,4410307.485240,8246.326187,2201.529587,17860.159526,36047.777339,188694.094042,153219.804186,5655.823894,191828.249730,4.000000
89.000000,4408808.198923,7747.108749,2066.691333,16554.055410,34252.789975,190387.306963,156680.336083,5736.512563,193547.972792,4.000000
90.000000,4407395.761916,7281.569721,1941.337488,15367.025648,32510.196551,191958.343544,159967.593507,5811.171625,195143.152614,4.000000
91.000000,4406065.285122,6846.580622,1824.500150,14285.613866,30825.678851,193418.214594,163086.990516,5880.136279,196625.010120,4.000000
92.000000,4404812.116681,6439.495122,1715.374775,13298.005460,29203.177989,194776.692399,166044.411523,5943.726051,198003.503981,4.000000
93.000000,4403631.840791,6058.043488,1613.283005,12393.859833,27645.208231,196042.463563,168846.056345,6002.244744,199287.486442,4.000000
94.000000,4402520.273294,5700.253232,1517.644831,11564.143929,26153.124968,197223.265386,171498.313714,6055.980646,200484.842357,4.000000
95.000000,4401473.455064,5364.389233,1427.957670,10800.974108,24727.351712,198326.006298,174007.659019,6105.206895,201602.611962,4.000000
96.000000,4400487.643977,5048.908355,1343.780602,10097.470242,23367.571008,199356.871365,176380.572484,6150.181967,202647.098412,4.000000
97.000000,4399559.306001,4752.424868,1264.722427,9447.623853,22072.883965,200321.414160,178623.474497,6191.150229,203623.961426,4.000000
98.000000,4398685.105832,4473.683922,1190.432581,8846.180728,20841.942753,201224.636425,180742.675225,6228.342535,204538.298469,4.000000
99.000000,4396286.390519,5732.637346,1170.212489,8293.262270,19673.093603,202071.090212,182744.336034,6261.977527,205394.748688,0.000000
100.000000,4390123.484369,9912.734835,1737.829342,8081.370677,18574.914502,202875.526137,184634.657362,6292.482777,206208.290389,0.000000
101.000000,4384151.919848,13002.227521,2501.127200,8548.430413,17593.510708,203692.394444,186422.244728,6321.145137,207034.147509,0.000000
102.000000,4378191.813342,15401.185442,3202.315571,9601.660855,16779.731722,204585.964831,188120.772925,6349.555312,207937.512395,0.000000
103.000000,4372095.321188,17392.489503,3798.921090,11050.293103,16164.201886,205604.577095,189748.131219,6379.064916,208967.487558,0.000000
104.000000,4365751.086934,19164.249992,4310.956063,12735.249729,15757.578032,206778.805706,191324.366509,6410.707036,210155.228641,0.000000
105.000000,4359076.179145,20837.986621,4769.054653,14551.409070,15556.978143,208126.166907,192869.968162,6445.257298,211518.685256,0.000000
106.000000,4352006.936447,22491.438258,5199.417088,16438.872831,15552.084412,209656.147057,194404.789436,6483.314470,213067.667688,0.000000
107.000000,4344491.732063,24174.608654,5621.248882,18369.066634,15729.479901,211373.992564,195947.504574,6525.366728,214807.671884,0.000000
108.000000,4336485.924301,25920.333581,6047.830483,20333.107437,16075.334983,213283.203430,197515.426949,6571.838835,216742.402099,0.000000
109.000000,4327948.534430,27750.991817,6488.207002,22333.656101,16576.900432,215387.045470,199124.541092,6623.123655,218875.305325,0.000000
110.000000,4318840.129035,29682.674472,6948.622386,24379.686633,17223.230759,217689.406958,200789.647171,6679.602585,221210.443737,0.000000
111.000000,4309121.494244,31727.737599,7433.547576,26483.313196,18005.446865,220195.246978,202524.554880,6741.658662,223752.953692,0.000000
112.000000,4298752.815194,33896.347277,7946.363238,28657.955518,18916.741267,222910.802217,204342.290287,6809.685001,226509.259386,0.000000
113.000000,4287693.173726,36197.403997,8489.794102,30917.332459,19952.251544,225843.657695,206255.296142,6884.090335,229487.147858,0.000000
114.000000,4275900.246678,38639.086704,9066.177444,33274.948794,21108.875961,229002.745412,208275.616267,6965.302739,232695.770190,0.000000
115.000000,4263330.132723,41229.163768,9677.624912,35743.864856,22385.072771,232398.308244,210415.060455,7053.772270,236145.606870,0.000000
116.000000,4249937.264588,43975.160191,10326.117106,38336.620806,23780.664929,236041.850019,212685.349463,7149.972899,239848.418655,0.000000
117.000000,4235674.381541,46884.434842,11013.555977,41065.239146,25296.660430,239946.082832,215098.241219,7254.404012,243817.194247,0.000000
118.000000,4220492.548150,49964.199848,11741.790678,43941.260948,26935.091876,244124.876821,217665.640057,7367.591621,248066.100188,0.000000
119.000000,4204341.212157,53221.501152,12512.626383,46975.790426,28698.875301,248593.214296,220399.690943,7490.089343,252610.434941,0.000000
120.000000,4187168.298526,56663.171404,13327.821796,50179.533801,30591.686489,253367.148239,223312.860535,7622.479211,257466.587237,0.000000
121.000000,4168920.339293,60295.761578,14189.078783,53562.824983,32617.852155,258463.764160,226418.006732,7765.372315,262651.997681,0.000000
122.000000,4149542.640392,64125.454960,15098.026089,57135.634327,34782.253137,263901.143784,229728.438038,7919.409273,268185.122116,0.000000
123.000000,4128979.487629,68157.965479,16056.198298,60907.558740,37090.236731,269698.328781,233257.963829,8085.260514,274085.394927,0.000000
124.000000,4107174.394440,72398.421509,17065.010680,64887.792561,39547.535510,275875.282660,237020.936283,8263.626357,280373.190405,0.000000
125.000000,4100704.723811,61797.350349,16904.819314,68740.419099,42152.877770,282445.555146,241032.168868,8455.085644,287062.343714,4.000000
126.000000,4097639.686965,50840.629638,14940.554631,70738.895769,44798.667456,289314.252440,245302.392339,8657.920762,294056.116499,4.000000
127.000000,4094495.800575,42376.321422,12724.328729,70412.230247,47268.629216,296262.822490,249825.324074,8867.543247,301131.659514,4.000000
128.000000,4091336.318981,35797.257221,10751.545752,68233.192026,49378.002940,303083.250877,254574.269090,9079.163113,308076.843010,4.000000
129.000000,4088211.869931,30641.834981,9122.185771,64820.923285,51014.970629,309624.466418,259507.895226,9288.853759,314737.593016,4.000000
130.000000,4085159.523338,26562.543220,7810.915595,60702.940422,52133.670926,315792.475301,264577.233617,9493.697581,321018.038713,4.000000
131.000000,4082204.847865,23298.878896,6761.798547,56269.981187,52736.215192,321538.329200,269731.294096,9691.655017,326868.246753,4.000000
132.000000,4079364.449704,20655.853972,5919.352933,51790.287572,52855.578237,326845.187032,274920.911549,9881.379003,332271.027910,4.000000
133.000000,4076648.225808,18487.515931,5237.047187,47437.131726,52542.312393,331717.629346,280101.092819,10062.044790,337231.039674,4.000000
134.000000,4074061.166878,16684.512848,4678.203013,43314.863347,51855.130440,336173.657938,285232.253615,10233.211921,341766.626957,4.000000
135.000000,4071604.738173,15164.781717,4214.659842,39479.783046,50854.622536,340239.005455,290280.691487,10394.717745,345904.018611,4.000000
136.000000,4069277.914693,13866.601083,3825.037811,35955.760056,49599.298220,343943.228728,295218.562195,10546.597214,349673.343178,4.000000
137.000000,4067077.948230,12743.416544,3493.170474,32745.503576,48143.273034,347317.111949,300023.552980,10689.023214,353105.980588,4.000000
138.000000,4065000.931401,11759.989543,3206.837201,29838.508228,46535.079558,350391.004184,304678.387353,10822.262532,356232.866814,4.000000
139.000000,4063042.209853,10889.531685,2956.782647,27216.547575,44817.223087,353193.809479,309170.252120,10946.643554,359083.464120,4.000000
140.000000,4061196.681596,10111.572255,2735.973421,24857.398035,43026.212182,355752.424120,313490.205689,11062.532701,361685.187346,4.000000
141.000000,4059459.012785,9410.370973,2539.039863,22737.304213,41192.876435,358091.473835,317632.604529,11170.317366,364063.136083,4.000000
142.000000,4057823.791797,8773.736137,2361.858704,20832.560209,39342.843364,360233.246866,321594.569276,11270.393647,366240.026577,4.000000
143.000000,4056285.637851,8192.144185,2201.241641,19120.477831,37497.088979,362197.750233,325375.501638,11363.157641,368236.249246,4.000000
144.000000,4054839.276246,7658.083395,2054.703116,17579.935793,35672.506551,364002.839109,328976.656442,11448.999349,370070.000726,4.000000
145.000000,4053479.589118,7165.564274,1920.287133,16191.647803,33882.459021,365664.385379,332400.768768,11528.298504,371757.455836,4.000000
146.000000,4052201.648365,6709.753959,1796.438069,14938.246618,32137.294821,367196.462829,335651.733524,11601.421814,373312.956494,4.000000
147.000000,4051000.735603,6286.702882,1681.904197,13804.251806,30444.816538,368611.534462,338734.333281,11668.721231,374749.202756,4.000000
148.000000,4049872.352775,5893.140117,1575.665590,12775.967845,28810.698240,369920.632935,341654.009538,11730.532960,376077.436836,4.000000
149.000000,4048812.226085,5526.319878,1476.880151,11841.344228,27238.851350,371133.528964,344416.672327,11787.177017,377307.614829,4.000000
150.000000,4047816.305204,5183.906111,1384.843152,10989.818633,25731.741436,372258.885046,347028.543257,11838.957160,378448.563450,4.000000
151.000000,4046880.759208,4863.885505,1298.956833,10212.156775,24290.659680,373304.393566,349496.027341,11886.161091,379508.120839,4.000000
152.000000,4046001.970287,4564.501687,1218.707499,9500.297411,22915.953471,374276.899408,351825.609393,11929.060844,380493.261558,4.000000
153.000000,4045176.526014,4284.205246,1143.648210,8847.207419,21607.220763,375182.507833,354023.771216,11967.913298,381410.206555,4.000000
154.000000,4044401.210719,4021.615591,1073.385653,8246.749515,20363.472742,376026.678756,356096.926258,12002.960767,382264.519261,4.000000
155.000000,4040206.488097,6956.038344,1236.580960,7748.512836,19184.255680,376815.295726,358051.376424,12034.451933,383062.189881,0.000000
156.000000,4034730.369090,10259.063088,1871.259418,7747.982708,18090.830258,377576.395707,359894.000370,12063.099360,383831.662848,0.000000
157.000000,4029388.601632,12715.367349,2544.184306,8359.075514,17131.690344,378368.609812,361635.159974,12090.311068,384632.385599,0.000000
158.000000,4024038.279186,14638.197360,3127.502357,9430.537369,16345.688874,379245.551857,363289.757648,12117.485348,385518.741863,0.000000
159.000000,4018568.345421,16243.244364,3614.484133,10790.086805,15751.602224,380243.814803,364875.688058,12145.734192,386527.919638,0.000000
160.000000,4012897.110401,17672.624118,4029.660726,12308.867596,15351.953134,381384.910313,366411.988581,12175.885132,387681.868579,0.000000
161.000000,4006964.539481,19017.996003,4399.614581,13905.655519,15139.125668,382680.029665,367917.488256,12208.550826,388992.097208,0.000000
162.000000,4000725.077991,20338.045065,4745.390721,15535.648950,15100.361554,384134.255670,369410.021082,12244.198965,390463.918636,0.000000
163.000000,3994142.286117,21670.489927,5081.952178,17178.331466,15221.113558,385749.553531,370906.067236,12283.205986,392099.470156,0.000000
164.000000,3987185.169244,23039.940836,5419.478202,18828.116077,15487.049403,387526.682578,372420.669284,12325.894376,393899.647820,0.000000
165.000000,3979825.778698,24462.903258,5764.806517,20487.992655,15885.123557,389466.332284,373967.505674,12372.557357,395865.259436,0.000000
166.000000,3972037.682374,25950.911299,6122.572106,22165.504065,16404.061160,391569.750906,375559.043260,12423.474831,397997.665078,0.000000
167.000000,3963795.004915,27512.468527,6496.004598,23870.320801,17034.495452,393839.061081,377206.721060,12478.923565,400299.100579,0.000000
168.000000,3955071.832167,29154.240127,6887.454920,25612.845047,17768.914834,396277.391163,378921.138031,12539.183709,402772.813869,0.000000
169.000000,3945841.846124,30881.779302,7298.731723,27403.450601,18601.515367,398888.903346,380712.230549,12604.542989,405423.096125,0.000000
170.000000,3936078.105569,32699.965271,7731.311630,29252.102426,19528.014905,401678.767721,382589.433023,12675.299455,408255.257552,0.000000
171.000000,3925752.919698,34613.262842,8186.468281,31168.195006,20545.460285,404653.111105,384561.819454,12751.763329,411275.577087,0.000000
172.000000,3914837.782393,36625.871347,8665.349972,33160.511129,21652.043887,407818.956851,386638.226144,12834.258277,414491.242579,0.000000
173.000000,3903303.347663,38741.804475,9169.024979,35237.242281,22846.937064,411184.164308,388827.356909,12923.122322,417910.290301,0.000000
174.000000,3891119.434709,40964.926384,9698.506573,37406.036208,24130.142885,414757.372066,391137.872658,13018.708516,421541.548062,0.000000
175.000000,3878255.056029,43298.959533,10254.765178,39674.052088,25502.367892,418547.946577,393578.467266,13121.385437,425394.583586,0.000000
176.000000,3864678.465003,45747.473575,10838.732242,42048.012570,26964.911225,422565.936248,396157.931578,13231.537559,429479.658305,0.000000
177.000000,3850357.221299,48313.860969,11451.298633,44534.247174,28519.568863,426822.030388,398885.207161,13349.565512,433807.685962,0.000000
178.000000,3835258.273556,51001.302697,12093.309245,47138.724488,30168.550577,431327.521976,401769.431221,13475.886240,438390.195007,0.000000
179.000000,3819348.059521,53812.726107,12765.554859,49867.072302,31914.407272,436094.273082,404819.973807,13610.933050,443239.293606,0.000000
180.000000,3802592.624225,56750.756112,13468.761857,52724.585673,33759.966574,441134.681734,408046.468264,13755.155562,448367.636067,0.000000
181.000000,3784957.756979,59817.660514,14203.580181,55716.223359,35708.274748,446461.649048,411458.835636,13909.019536,453788.389484,0.000000
182.000000,3766409.148091,63015.289958,14970.569763,58846.593259,37762.543265,452088.545514,415067.303585,14073.006564,459515.199464,0.000000
183.000000,3746912.566169,66345.012933,15770.185585,62119.927540,39926.098568,458029.175364,418882.420206,14247.613635,465562.153887,0.000000
184.000000,3743694.106746,54453.717409,15191.848828,65068.981701,42190.500713,464285.898111,422914.840148,14433.106343,471931.672658,4.000000
185.000000,3741005.733876,44787.526487,13273.163039,66181.321827,44438.661706,470749.216405,427170.015348,14627.361312,478512.127386,4.000000
186.000000,3738272.882497,37298.071190,11247.498185,65254.850221,46477.687611,477218.891163,431637.049474,14826.069657,485099.348953,4.000000
187.000000,3735546.179497,31459.181927,9476.399400,62767.813100,48154.545251,483516.322895,436287.550863,15025.007068,491511.213038,4.000000
188.000000,3732865.266445,26870.850986,8021.607809,59274.679545,49382.402994,489516.075714,441081.323211,15220.793296,497619.797607,4.000000
189.000000,3730258.693820,23231.350676,6851.963129,55233.212023,50131.348919,495142.934411,445972.538943,15410.958080,503348.390176,4.000000
190.000000,3727745.780767,20313.831937,5915.464138,50977.271485,50411.855281,500360.465174,450914.525839,15593.805379,508659.825837,4.000000
191.000000,3725338.711956,17947.906557,5162.528658,46733.332056,50259.788663,505159.515257,455862.972759,15768.244093,513544.760386,4.000000
192.000000,3723044.356650,16005.553759,4552.043389,42645.679152,49724.985064,509548.910259,460777.834636,15933.637091,518012.183525,4.000000
193.000000,3720865.712890,14390.476374,4051.688783,38799.357309,48863.242225,513548.554366,465624.288154,16089.679900,522082.382322,4.000000
194.000000,3718803.010567,13030.112428,3636.629392,35238.317761,47731.030855,517184.550812,470373.040754,16236.307431,525781.964926,4.000000
195.000000,3716854.537883,11869.657518,3287.961716,31978.920622,46382.206138,520485.868465,475000.223883,16373.623774,529140.461130,4.000000
196.000000,3715017.253769,10867.597913,2991.343047,29019.652710,44866.126791,523482.139257,479487.036547,16501.849967,532188.076281,4.000000
197.000000,3713287.238241,9992.374390,2735.889378,26347.965837,43226.732070,526202.260488,483819.254143,16621.285453,534954.266077,4.000000
198.000000,3711660.021379,9219.890881,2513.323629,23944.996574,41502.249670,528673.558381,487986.679676,16732.279808,537466.883768,4.000000
199.000000,3710130.821917,8531.653736,2317.328988,21788.757876,39725.302689,530921.335410,491982.587237,16835.212147,539751.718741,4.000000
200.000000,3708694.718795,7913.381593,2143.062025,19856.243891,37923.254641,532968.674297,495803.188526,16930.476232,541832.296848,4.000000
201.000000,3707346.773111,7353.966380,1986.787524,18124.771389,36118.682879,534836.408805,499447.140086,17018.469825,543729.850797,4.000000
202.000000,3706082.113490,6844.696349,1845.605052,16572.791892,34329.907482,536543.198547,502915.100023,17099.587166,545463.396609,4.000000
203.000000,3704895.994533,6378.674640,1717.244305,15180.342415,32571.528511,538105.664625,506209.337207,17174.213763,547049.872053,4.000000
204.000000,3703783.835560,5950.383825,1599.911915,13929.254199,30854.942551,539538.556832,509333.392228,17242.722890,548504.307250,4.000000
205.000000,3702741.244957,5555.359412,1492.176719,12803.203576,29188.821768,540854.933033,512291.787212,17305.473322,549840.007668,4.000000
206.000000,3701764.034096,5189.944763,1392.883744,11787.663684,27579.547051,542066.338330,515089.780347,17362.807984,551068.736856,4.000000
207.000000,3700848.223759,4851.106806,1301.089657,10869.797494,26031.592232,543182.976347,517733.160452,17415.053252,552200.891141,4.000000
208.000000,3699990.045222,4536.297211,1216.014254,10038.319561,24547.859873,544213.868341,520228.076811,17462.518729,553245.661876,4.000000
209.000000,3699185.937598,4243.347558,1137.003918,9283.344735,23129.971197,545166.998012,522580.899631,17505.497351,554211.183095,4.000000
210.000000,3698432.542619,3970.389954,1063.504058,8596.235578,21778.513894,546049.441348,524798.106820,17544.265729,555104.663896,4.000000
211.000000,3697726.697707,3715.796701,995.038240,7969.455726,20493.252068,546867.481756,526886.193160,17579.084642,555932.505813,4.000000
212.000000,3694358.296007,5991.122517,1091.305448,7429.433972,19273.811458,547627.219315,528851.601220,17610.210063,556700.921028,0.000000
213.000000,3689413.442401,9037.235306,1641.055207,7313.768999,18136.421705,548351.656270,530701.169134,17638.250979,557433.249044,0.000000
214.000000,3684629.071518,11269.907524,2245.608279,7761.989284,17124.030789,549093.293182,532444.622120,17664.477303,558182.711698,0.000000
215.000000,3679882.948009,12976.833149,2769.400642,8642.791913,16272.889450,549902.139595,534095.805054,17690.192188,559000.013143,0.000000
216.000000,3675079.646947,14358.242438,3199.803702,9794.036454,15600.813948,550812.647608,535671.370322,17716.438581,559920.135230,0.000000
217.000000,3670149.515923,15547.361794,3557.380943,11090.748642,15110.095605,551844.854468,537189.055231,17743.987393,560963.496349,0.000000
218.000000,3665042.397293,16630.816450,3866.233696,12452.021391,14793.088832,553008.661220,538666.382821,17773.398298,562140.265585,0.000000
219.000000,3659721.507346,17664.333988,4145.907436,13831.557955,14636.940503,554307.785140,540119.883125,17805.084507,563454.346637,0.000000
220.000000,3654158.758451,18683.690587,4410.449706,15206.556746,14626.831243,555742.628380,541564.721171,17839.363716,564906.272255,0.000000
221.000000,3648331.508228,19711.977903,4669.440445,16568.893781,14747.950004,557312.143234,543014.592361,17876.494044,566495.089822,0.000000
222.000000,3642220.404535,20764.299253,4929.270349,17919.019116,14986.575279,559014.958984,544481.774402,17916.698080,568219.503373,0.000000
223.000000,3635807.993948,21850.756780,5194.186828,19262.023868,15330.582784,560850.016847,545977.260378,17960.178567,570078.519288,0.000000
224.000000,3629077.837539,22978.332816,5467.042837,20605.227521,15769.608795,562816.896107,547510.925924,18007.128461,572071.779644,0.000000
225.000000,3622013.955300,24152.066905,5749.800749,21956.761529,16295.019994,564915.955031,549091.703130,18057.737362,574199.707758,0.000000
226.000000,3614600.480664,25375.788265,6043.860171,23324.779131,16899.784038,567148.365750,550727.746375,18112.195606,576463.545884,0.000000
227.000000,3606821.448595,26652.569119,6350.266940,24717.046266,17578.297209,569516.092004,552426.582978,18170.696889,578865.334540,0.000000
228.000000,3598660.668678,27985.003232,6669.844510,26140.757232,18326.201359,572021.839013,554195.246025,18233.439951,581407.863174,0.000000
229.000000,3590101.652697,29375.375042,7003.275581,27602.477891,19140.207493,574668.992408,556040.389211,18300.629677,584094.609395,0.000000
230.000000,3581127.577745,30825.760211,7351.152134,29108.157287,20017.934404,577461.555581,557968.384821,18372.477815,586929.676311,0.000000
231.000000,3571721.273126,32338.083041,7714.005505,30663.172495,20957.765578,580404.090253,559985.406546,18449.203456,589917.732917,0.000000
232.000000,3561865.223907,33914.146553,8092.323846,32272.386249,21958.724730,583501.662382,562097.498989,18531.033345,593063.959723,0.000000
233.000000,3551541.586813,35555.645057,8486.561594,33940.205952,23020.368795,586759.794027,564310.635675,18618.202087,596374.000292,0.000000
234.000000,3540732.215920,37264.165301,8897.143830,35670.638005,24142.696532,590184.420931,566630.767223,18710.952259,599853.918472,0.000000
235.000000,3529418.696731,39041.179961,9324.467319,37467.334579,25326.070636,593781.855181,569063.861126,18809.534467,603510.160705,0.000000
236.000000,3517582.387886,40888.035841,9768.899356,39333.631763,26571.151312,597558.752120,571615.934395,18914.207328,607349.522577,0.000000
237.000000,3505204.470175,42805.938204,10230.775104,41272.578999,27878.839365,601522.080637,574293.080102,19025.237414,611379.118759,0.000000
238.000000,3492266.002790,44795.932182,10710.393863,43286.960249,29250.227114,605679.095984,577101.488691,19142.899127,615606.355458,0.000000
239.000000,3478747.986881,46858.881818,11208.014533,45379.307541,30686.555612,610037.314334,580047.464757,19267.474523,620038.904613,0.000000
240.000000,3464631.436561,48995.447161,11723.850453,47551.907653,32189.176891,614604.488352,583137.439852,19399.253077,624684.679086,0.000000
241.000000,3449897.457536,51206.059672,12258.063720,49806.802651,33759.520130,619388.583144,586377.981769,19538.531377,629551.808210,0.000000
242.000000,3434527.333515,53490.896183,12810.759081,52145.784977,35399.060832,624397.752007,589775.800646,19685.612759,634648.613122,0.000000
243.000000,3418502.620543,55849.851608,13381.977450,54570.387711,37109.292219,629640.311468,593337.752142,19840.806861,639983.581344,0.000000
244.000000,3401805.249315,58282.510620,13971.689113,57081.870575,38891.698225,635124.715170,597070.837887,20004.429094,645565.340189,0.000000
245.000000,3390505.279969,54990.670436,14324.458066,59647.024710,40747.385120,640859.187636,600982.200977,20176.793085,651402.283410,4.000000
246.000000,3388221.588153,44847.579312,12993.736748,61283.468335,42638.512604,646812.725993,605077.997107,20357.391748,657462.813726,4.000000
247.000000,3385888.589588,36991.182633,11119.212143,61080.283504,44417.686282,652837.643287,609355.252196,20543.150368,663596.366066,4.000000
248.000000,3383550.178851,30876.833177,9354.334656,59242.189319,45925.663459,658758.667398,613795.027678,20730.105462,669624.231999,4.000000
249.000000,3381243.277305,26086.646926,7865.269912,56262.693491,47056.027710,664439.134287,618365.139226,20914.811144,675407.056183,4.000000
250.000000,3378995.426687,22303.485459,6656.645304,52607.060259,47759.294310,669790.643386,623025.793386,21094.651211,680854.691146,4.000000
251.000000,3376825.718862,19287.817276,5687.434787,48634.234498,48030.009303,674765.403405,627734.596712,21267.785157,685918.397289,4.000000
252.000000,3374746.494405,16859.043032,4910.318787,44596.407998,47892.114996,679345.467839,632450.151076,21433.001867,690579.867889,4.000000
253.000000,3372764.977428,14881.016026,4283.598622,40659.390662,47386.918084,683533.202288,637134.325456,21589.571435,694841.508632,4.000000
254.000000,3370884.626725,13251.018309,3773.616383,36924.879356,46564.309716,687343.921931,641753.507139,21737.120441,698718.929614,4.000000
255.000000,3369106.187881,11891.439646,3354.159651,33449.199479,45476.787568,690800.558330,646279.133478,21875.533967,702235.506671,4.000000
256.000000,3367428.490003,10743.522269,3005.124497,30257.669435,44175.617590,693929.948292,650687.746939,22004.880975,705418.596898,4.000000
257.000000,3365849.040158,9762.667515,2711.184342,27355.123582,42708.536171,696760.336689,654960.753128,22125.358416,708296.992202,4.000000
258.000000,3364364.462693,8914.917218,2460.670922,24733.414291,41118.519950,699319.756426,659084.008751,22237.249750,710899.267438,4.000000
259.000000,3362970.821486,8174.316478,2244.690900,22376.651158,39443.271817,701635.027569,663047.326177,22340.894414,713252.759989,4.000000
260.000000,3361663.854563,7520.936927,2056.447346,20264.788572,37715.170379,703731.184944,666843.951773,22436.665495,715382.986296,4.000000
261.000000,3360439.143423,6939.394710,1890.725090,18376.027587,35961.505164,705631.196193,670470.054302,22524.953532,717313.354595,4.000000
262.000000,3359292.233894,6417.738952,1743.502654,16688.377665,34204.875099,707355.871824,673924.245027,22606.154886,719065.073417,4.000000
263.000000,3358218.721118,5946.617663,1611.660389,15180.630579,32463.667581,708923.897908,677207.141258,22680.663505,720657.185126,4.000000
264.000000,3357214.308053,5518.651451,1492.761189,13832.928709,30752.563827,710351.943182,680320.978401,22748.865187,722106.675299,4.000000
265.000000,3356274.844528,5127.962884,1384.885743,12627.058250,29083.036049,711654.807552,683269.271291,22811.133702,723428.624297,4.000000
266.000000,3355396.352048,4769.822489,1286.508716,11546.559967,27463.815790,712845.589812,686056.522908,22867.828271,724636.378390,4.000000
267.000000,3354575.038260,4440.382161,1196.405624,10576.722659,25901.322131,713935.860062,688687.977069,22919.292034,725741.725648,4.000000
268.000000,3353807.303936,4136.474116,1113.582719,9704.504671,24400.044757,714935.827691,691169.410863,22965.851247,726755.067279,4.000000
269.000000,3353089.744637,3855.459004,1037.224124,8918.414517,22962.880911,715854.499467,693506.962352,23007.814987,727685.578859,4.000000
270.000000,3352419.148618,3595.110909,966.651920,8208.371570,21591.427836,716699.824826,695706.989088,23045.475234,728541.358492,4.000000
271.000000,3351792.492158,3353.530065,901.295933,7565.560573,20286.233731,717478.827119,697775.953220,23079.107202,729329.560636,4.000000
272.000000,3348109.038318,5944.786203,1061.434851,7041.310147,19048.191978,718198.904417,699720.339865,23108.994221,730057.715241,0.000000
273.000000,3343731.258804,8499.793548,1575.712618,6958.729551,17897.288494,718887.099022,701547.284173,23135.833791,730753.252740,0.000000
274.000000,3339501.739101,10360.371346,2101.229605,7376.095103,16872.958430,719592.852973,703266.911863,23160.841579,731466.282423,0.000000
275.000000,3335322.326150,11766.603955,2544.228726,8157.740915,16004.678029,720359.324358,704892.919971,23185.177896,732240.550127,0.000000
276.000000,3331118.034653,12884.928841,2901.200958,9157.878014,15305.005512,721215.006245,706441.197286,23209.748492,733104.978767,0.000000
277.000000,3326834.910454,13826.441838,3191.837601,10267.555930,14773.091253,722175.659084,707928.291130,23235.212710,734075.627088,0.000000
278.000000,3322434.742679,14663.829534,3437.216941,11416.880086,14399.738683,723248.251764,709370.299021,23262.041293,735159.665380,0.000000
279.000000,3317890.183236,15444.165387,3654.087081,12565.855291,14171.502145,724434.412433,710782.220839,23290.573588,736358.854503,0.000000
280.000000,3313181.061840,16197.814129,3854.418180,13694.634456,14073.452986,725732.896379,712177.660211,23321.061819,737672.035697,0.000000
281.000000,3308291.823386,16944.377478,4046.360802,14795.945611,14090.852372,727141.185053,713568.753040,23353.702258,739096.746361,0.000000
282.000000,3303209.818021,17696.575145,4235.338103,15869.870852,14210.060677,728656.452628,714966.228378,23388.656195,740630.198939,0.000000
283.000000,3297924.186231,18462.744963,4424.926585,16920.472513,14418.957368,730276.111249,716379.537393,23426.063698,742269.834854,0.000000
284.000000,3292425.142010,19248.440705,4617.487189,17953.710513,14707.066289,731998.090477,717817.010300,23466.052517,744013.609791,0.000000
285.000000,3286703.516401,20057.448094,4814.593131,18976.209802,15065.514861,733820.956140,719286.017767,23508.743805,745860.116287,0.000000
286.000000,3280750.469246,20892.428552,5017.311448,19994.566584,15486.907914,735743.936439,720793.124041,23554.255776,747808.612085,0.000000
287.000000,3274557.308920,21755.325875,5226.385125,21014.985980,15965.164830,737766.897594,722344.225640,23602.706037,749858.997050,0.000000
288.000000,3268115.381251,22647.622268,5442.349611,22043.117650,16495.348101,739890.294691,723944.673355,23654.213073,752011.764610,0.000000
289.000000,3261416.002845,23570.498818,5665.606800,23084.005537,17073.498586,742115.112736,725599.377479,23708.897199,754267.943000,0.000000
290.000000,3254450.423081,24524.935315,5896.471671,24142.100061,17696.485004,744442.806385,727312.897334,23766.881148,756629.034936,0.000000
291.000000,3247209.804811,25511.771589,6135.201449,25221.301622,18361.870602,746875.242804,729089.516673,23828.290450,759096.960264,0.000000
292.000000,3239685.217494,26531.744359,6382.013636,26325.017058,19067.797396,749414.649706,730933.306698,23893.253652,761674.003726,0.000000
293.000000,3231867.638827,27585.508471,6637.096941,27456.218650,19812.886976,752063.569265,732848.178416,23961.902454,764362.768556,0.000000
294.000000,3223747.962414,28673.648130,6900.617678,28617.500063,20596.156252,754824.817816,734837.925887,24034.371760,767166.135858,0.000000
295.000000,3215317.009951,29796.681673,7172.723264,29811.126499,21416.946279,757701.450864,736906.261773,24110.799698,770087.229307,0.000000
296.000000,3206565.546990,30955.062130,7453.543850,31039.077985,22274.862299,760696.732762,739056.846398,24191.327586,773129.384523,0.000000
297.000000,3197484.301723,32149.174996,7743.192742,32303.085692,23169.723265,763814.110355,741293.311343,24276.099883,776296.122423,0.000000
298.000000,3188063.986459,33379.334126,8041.766016,33604.661651,24101.519310,767057.189900,743619.278439,24365.264100,779591.125874,0.000000
299.000000,3178295.321595,34645.776316,8349.341605,34945.122464,25070.375790,770429.716646,746038.374888,24458.970696,783018.219010,0.000000
300.000000,3168169.061996,35948.654971,8665.978020,36325.607715,26076.522748,773935.556505,748554.245104,24557.372942,786581.348649,0.000000
301.000000,3157676.025724,37288.033088,8991.712806,37747.093746,27120.268801,777578.679316,751170.559751,24660.626768,790284.567318,0.000000
302.000000,3146807.125092,38663.875728,9326.560827,39210.403462,28201.978636,781363.143283,753891.022395,24768.890576,794132.017445,0.000000
303.000000,3135553.400035,40076.042117,9670.512399,40716.212718,29322.053400,785293.080220,756719.374073,24882.325038,798127.916366,0.000000
304.000000,3123906.053778,41524.277447,10023.531335,42265.053819,30480.913429,789372.681285,759659.396051,25001.092855,802276.541810,0.000000
305.000000,3111856.490784,43008.204490,10385.552907,43857.316574,31678.982827,793606.182945,762714.910974,25125.358499,806582.217623,0.000000
306.000000,3099396.356939,44527.315070,10756.481755,45493.247282,32916.675516,797997.852949,765889.782569,25255.287920,811049.299477,0.000000
307.000000,3086517.581930,46080.961503,11136.189776,47172.945994,34194.382423,802551.976121,769187.914035,25391.048219,815682.160399,0.000000
308.000000,3073212.423724,47668.348051,11524.513981,48896.362348,35512.459565,807272.839818,772613.245216,25532.807298,820485.175948,0.000000
309.000000,3059473.515061,49288.522507,11921.254378,50663.290222,36871.216802,812164.718917,776169.748641,25680.733472,825462.708916,0.000000
310.000000,3045293.911824,50940.367968,12326.171877,52473.361445,38270.907111,817231.860245,779861.424484,25834.995047,830619.093443,0.000000
311.000000,3030667.143126,52622.594924,12738.986240,54326.038774,39711.716243,822478.466346,783692.294483,25995.759865,835958.618468,0.000000
312.000000,3026170.021045,44738.305712,12392.685372,56008.891022,41189.363414,827904.301181,787666.328135,26163.104120,841481.048425,4.000000
313.000000,3024216.711519,36570.163733,10851.224749,56403.332114,42631.742975,833439.613725,791784.585235,26335.625949,847115.283942,4.000000
314.000000,3022250.886422,30219.439363,9166.622866,55218.040420,43896.563951,838934.500608,796036.887979,26510.058391,852708.505465,4.000000
315.000000,3020304.930846,25255.524090,7675.632983,52800.066788,44865.116477,844248.908885,800399.755903,26683.064027,858117.922646,4.000000
316.000000,3018404.318088,21349.221280,6443.634527,49589.859541,45469.778167,849283.729624,804840.505554,26851.953219,863242.483282,4.000000
317.000000,3016567.248230,18250.582373,5450.179505,45959.312176,45688.518452,853980.267617,809322.119010,27014.772636,868022.338858,4.000000
318.000000,3014805.784828,15770.358235,4654.031577,42181.982523,45532.045382,858311.487430,813807.104625,27170.205400,872429.921419,4.000000
319.000000,3013127.222293,13765.361988,4014.512296,38443.913738,45031.706877,862272.746080,818260.101621,27317.435107,876460.494842,4.000000
320.000000,3011535.296196,12127.212163,3497.355671,34863.384902,44230.138928,865874.163803,822649.426643,27456.021694,880124.375534,4.000000
321.000000,3010031.153984,10773.778364,3075.338413,31509.506977,43174.666160,869134.915263,826947.840266,27585.800573,883441.111131,4.000000
322.000000,3008614.101270,9642.717313,2727.358793,28417.139667,41912.928456,872079.170523,831132.779437,27706.804541,886435.341478,4.000000
323.000000,3007282.163594,8686.601383,2437.228212,25598.084139,40490.159653,874733.312500,835186.245808,27819.204711,889133.961336,4.000000
324.000000,3006032.504090,7869.251624,2192.571894,23049.188299,38947.635377,877124.094770,839094.487522,27923.266425,891564.242047,4.000000
325.000000,3004861.731283,7162.978672,1983.931792,20758.079145,37321.919896,879277.472379,842847.570197,28019.316635,893752.639554,4.000000
326.000000,3003766.124088,6546.506864,1804.065899,18707.136646,35644.640850,881217.904176,846438.901513,28107.719964,895724.083251,4.000000
327.000000,3002741.794827,6003.412108,1647.411567,16876.191515,33942.598605,882967.978901,849864.751198,28188.861279,897501.594992,4.000000
328.000000,3001784.806036,5520.945960,1509.678163,15244.310459,32238.075377,884548.258613,853123.792261,28263.133131,899106.129691,4.000000
329.000000,3000891.252962,5089.150032,1387.539164,13790.937087,30549.251880,885977.263785,856216.678262,28330.926829,900556.560378,4.000000
330.000000,3000057.320644,4700.188652,1278.399807,12496.583842,28890.669896,887271.546982,859145.663982,28392.626194,901869.753527,4.000000
331.000000,2999279.322253,4347.845634,1180.221864,11343.215820,27273.700843,888445.818364,861914.271899,28448.603323,903060.697214,4.000000
332.000000,2998553.723694,4027.144457,1091.391450,10314.427233,25706.995584,889513.098021,864527.003758,28499.215803,904142.656583,4.000000
333.000000,2997877.158167,3734.061293,1010.619259,9395.481920,24196.901187,890484.878498,866989.094661,28544.805015,905127.339681,4.000000
334.000000,2997246.433473,3465.307894,936.865194,8573.268027,22747.837393,891371.286785,869306.306023,28585.695212,906025.062706,4.000000
335.000000,2996658.534124,3218.167081,869.281356,7836.201564,21362.630254,892181.239139,871484.753319,28622.193164,906844.907938,4.000000
336.000000,2996110.619788,2990.367841,807.168869,7174.102536,20042.803361,892922.584982,873530.764420,28654.588203,907594.870483,4.000000
337.000000,2992198.560162,5799.105142,1032.117097,6673.319470,18791.237372,893604.662755,875450.795336,28683.202666,908284.449065,0.000000
338.000000,2988380.981609,7891.041492,1497.554137,6612.914509,17631.276059,894258.151335,877252.266765,28708.814095,908944.754127,0.000000
339.000000,2984700.093863,9400.810775,1942.885958,6985.122577,16597.736715,894928.163331,878945.467274,28732.719506,909621.543413,0.000000
340.000000,2981079.403324,10524.544456,2307.703619,7656.953927,15713.579176,895651.015715,880543.635622,28756.164160,910351.697337,0.000000
341.000000,2977461.612263,11398.002965,2595.049940,8500.270287,14986.674830,896449.782302,882062.037511,28779.569902,911158.532272,0.000000
342.000000,2973806.031299,12112.292706,2823.201975,9421.997151,14413.585694,897336.531402,883516.144856,28803.214917,912054.238434,0.000000
343.000000,2970084.293963,12727.538047,3010.279954,10362.983113,13984.039419,898315.807431,884920.654079,28827.403994,913043.452462,0.000000
344.000000,2966276.584279,13283.056892,3170.428795,11289.451668,13684.410490,899387.478554,886288.881281,28852.708041,914126.239183,0.000000
345.000000,2962368.816964,13804.441371,3313.728588,12184.619405,13500.036149,900549.082087,887632.921601,28879.353834,915300.196836,0.000000
346.000000,2958350.671872,14308.319794,3447.057818,13042.311470,13416.606658,901797.087147,888963.457909,28907.487332,916561.819523,0.000000
347.000000,2954214.271526,14805.499997,3575.006764,13862.573788,13420.915025,903127.699810,890289.811748,28937.221342,917907.323963,0.000000
348.000000,2949953.308609,15303.022278,3700.604309,14648.827521,13501.196292,904537.325452,891620.068036,28968.647504,919333.118642,0.000000
349.000000,2945562.476980,15805.491856,3825.839574,15406.100187,13647.219095,906022.806066,892961.222112,29001.844130,920836.045702,0.000000
350.000000,2941037.103422,16315.940469,3952.018473,16139.969437,13850.237063,907581.520511,894319.329320,29036.881307,922413.484100,0.000000
351.000000,2936372.910712,16836.382199,4080.001205,16855.962573,14102.868000,909211.404805,895699.646316,29073.824190,924063.371655,0.000000
352.000000,2931565.866070,17368.171456,4210.358147,17559.239602,14398.942221,910910.928481,897106.758890,29112.735134,925784.182363,0.000000
353.000000,2926612.084958,17912.233231,4343.471299,18254.447874,14733.344153,912679.049066,898544.694366,29153.675054,927574.881319,0.000000
354.000000,2921507.770736,18469.210966,4479.599953,18945.677158,15101.860467,914515.157843,900017.018579,29196.704298,929434.870594,0.000000
355.000000,2916249.177558,19039.561333,4618.923030,19636.470700,15501.041371,916419.024391,901526.918413,29241.883204,931363.933689,0.000000
356.000000,2910832.588369,19623.614802,4761.566290,20329.865090,15928.077710,918390.743961,903077.271338,29289.272439,933362.182724,0.000000
357.000000,2905254.302771,20221.614146,4907.619765,21028.442669,16380.694262,920430.689627,904670.703548,29338.933212,935430.010325,0.000000
358.000000,2899510.631393,20833.738734,5057.148862,21734.387060,16857.058376,922539.469901,906309.638278,29390.927395,937568.046975,0.000000
359.000000,2893597.894572,21460.119656,5210.201397,22449.536673,17355.702528,924717.891843,907996.335745,29445.317587,939777.123851,0.000000
360.000000,2887512.423990,22100.848910,5366.811991,23175.433548,17875.459119,926966.929284,909732.926025,29502.167133,942058.240780,0.000000
361.000000,2881250.566344,22755.984775,5527.004766,23913.366492,18415.405864,929287.695637,911521.436002,29561.540119,944412.538811,0.000000
362.000000,2874808.688487,23425.554694,5690.794946,24664.408281,18974.820189,931681.420708,913363.811344,29623.501352,946841.276796,0.000000
363.000000,2868183.183678,24109.556548,5858.189739,25429.447215,19553.141232,934149.430915,915261.934357,29688.116316,949345.811410,0.000000
364.000000,2861370.478694,24807.958889,6029.188767,26209.213524,20149.938215,936693.132393,917217.638395,29755.451122,951927.580063,0.000000
365.000000,2854367.041664,25520.700486,6203.784193,27004.301223,20764.884109,939313.996477,919232.719397,29825.572450,954588.086217,0.000000
366.000000,0.000000,19885.983346,5780.072832,27606.443595,21392.290058,942008.089492,921308.845277,29898.434061,957323.329444,0.000000
367.000000,0.000000,15486.735353,4850.223088,27418.081185,21981.700807,944725.080336,923445.342844,29972.995049,960082.059517,0.000000
368.000000,0.000000,12060.704654,3905.505812,26395.055585,22455.499974,947381.184667,925634.813431,30047.394537,962778.946304,0.000000
369.000000,0.000000,9392.592657,3088.678864,24756.527798,22755.099500,949904.427584,927862.960377,30119.871881,965340.679671,0.000000
370.000000,0.000000,7314.729889,2422.731934,22745.547232,22850.463162,952246.518583,930111.107446,30189.060413,967718.074802,0.000000
371.000000,0.000000,5696.539317,1893.142982,20560.929646,22735.624881,954381.080817,932358.835898,30254.005121,969884.273358,0.000000
372.000000,0.000000,4436.330620,1476.679738,18347.033332,22421.455077,956298.559652,934586.000359,30314.099882,971829.557485,0.000000
373.000000,0.000000,3454.909775,1150.865485,16200.983525,21929.163301,958001.168644,936774.056515,30369.011415,973556.199938,0.000000
374.000000,0.000000,2690.602342,896.583915,14183.423132,21285.335890,959498.778780,938906.823651,30418.610952,975074.274636,0.000000
375.000000,0.000000,2095.377718,698.354986,12328.393245,20518.443580,960805.837399,940970.833265,30462.918467,976398.516356,0.000000
376.000000,0.000000,1631.830804,543.905268,10651.274401,19656.530410,961939.163970,942955.394769,30502.059040,977546.074094,0.000000
377.000000,0.000000,1270.831387,423.596367,9154.809547,18725.783634,962916.428886,944852.479400,30536.229438,978534.960679,0.000000
378.000000,0.000000,989.693546,329.892666,7833.528782,17749.732820,963755.141828,946656.496117,30565.672901,979383.021833,0.000000
379.000000,0.000000,770.750018,256.914767,6676.928484,16748.883393,964471.987912,948363.955508,30590.738577,980107.282696,0.000000
380.000000,0.000000,600.241957,200.079952,5671.710692,15740.640010,965082.105444,949972.233989,30613.146618,980723.563030,0.000000
381.000000,0.000000,467.454295,155.817841,4803.326847,14739.415025,965599.595084,951480.936364,30633.613204,981246.279839,0.000000
382.000000,0.000000,364.042393,121.347370,4057.013660,13756.847707,966037.271887,952891.354812,30652.280833,981688.377619,0.000000
383.000000,0.000000,283.507639,94.502512,3418.462697,12802.082511,966406.507521,954205.807990,30669.287790,982061.342906,0.000000
384.000000,0.000000,220.789071,73.596344,2874.229266,11882.071273,966717.297314,955427.408909,30684.766485,982375.271990,0.000000
385.000000,0.000000,171.945327,57.315104,2411.958544,11001.876201,966978.358188,956559.862904,30698.842392,982638.969843,0.000000
386.000000,0.000000,133.906970,44.635655,2020.486074,10164.959091,967197.242375,957607.295030,30711.633466,982860.064981,0.000000
387.000000,0.000000,104.283594,34.761197,1689.854114,9373.448243,967380.456623,958574.105018,30723.249873,983045.129878,0.000000
388.000000,0.000000,81.213606,27.071202,1411.273666,8628.378706,967533.580136,959464.847373,30733.793972,983199.800094,0.000000
389.000000,0.000000,63.247243,21.082414,1177.053397,7929.904307,967661.376969,960284.133861,30743.360470,983328.887803,0.000000
390.000000,0.000000,49.255463,16.418488,980.510300,7277.481753,967767.900377,961036.555597,30752.036684,983436.487205,0.000000
391.000000,0.000000,38.358994,12.786331,815.872288,6670.028264,967856.587862,961726.622035,30759.902885,983526.070523,0.000000
392.000000,0.000000,29.873081,9.957694,678.179565,6106.054823,967930.346462,962358.714343,30767.032692,983600.574161,0.000000
393.000000,0.000000,23.264452,7.754817,563.189154,5583.777488,967991.628411,962937.050853,30773.493485,983662.475119,0.000000
394.000000,0.000000,18.117807,6.039269,467.285285,5101.209294,968042.497612,963465.662567,30779.346828,983713.858150,0.000000
395.000000,0.000000,14.109721,4.703240,387.397099,4656.235222,968084.687601,963948.376886,30784.648891,983756.474300,0.000000
396.000000,0.000000,10.988318,3.662773,320.924329,4246.672591,968119.651748,964388.808039,30789.450864,983791.791620,0.000000
397.000000,0.000000,8.557444,2.852481,265.671033,3870.319011,968148.606506,964790.352841,30793.799344,983821.038851,0.000000
398.000000,0.000000,6.664335,2.221445,219.787138,3524.989859,968172.568486,965156.190681,30797.736716,983845.242871,0.000000
399.000000,0.000000,5.190027,1.730009,181.717289,3208.546968,968192.386105,965489.286762,30801.301501,983865.260668,0.000000
400.000000,0.000000,4.041871,1.347290,150.156416,2918.920059,968208.766519,965792.397816,30804.528688,983881.806541,0.000000
401.000000,0.000000,3.147714,1.049238,124.011377,2654.122202,968222.298458,966068.079633,30807.450039,983895.475166,0.000000
402.000000,0.000000,2.451366,0.817122,102.367985,2412.260415,968233.471527,966318.695872,30810.094375,983906.761094,0.000000
403.000000,0.000000,1.909066,0.636355,84.462824,2191.542357,968242.692499,966546.427721,30812.487838,983916.075208,0.000000
404.000000,0.000000,1.486735,0.495578,69.659223,1990.279909,968250.299020,966753.284066,30814.654130,983923.758562,0.000000
405.000000,0.000000,1.157835,0.385945,57.426855,1806.890303,968256.571117,966941.111872,30816.614735,983930.094013,0.000000
406.000000,0.000000,0.901694,0.300565,47.324468,1639.895359,968261.740851,967111.606601,30818.389123,983935.315967,0.000000
407.000000,0.000000,0.702218,0.234073,38.985301,1487.919284,968266.000392,967266.322456,30819.994935,983939.618534,0.000000
408.000000,0.000000,0.546871,0.182290,32.104794,1349.685409,968269.508773,967406.682373,30821.448150,983943.162353,0.000000
409.000000,0.000000,0.425890,0.141963,26.430263,1224.012158,968272.397513,967533.987632,30822.763241,983946.080272,0.000000
410.000000,0.000000,0.331673,0.110558,21.752230,1109.808506,968274.775322,967649.427057,30823.953314,983948.482100,0.000000
411.000000,0.000000,0.258299,0.086100,17.897173,1006.069113,968276.732002,967754.085736,30825.030237,983950.458544,0.000000
412.000000,0.000000,0.201157,0.067052,14.721446,911.869288,968278.341701,967848.953262,30826.004755,983952.084503,0.000000
413.000000,0.000000,0.156657,0.052219,12.106218,826.359906,968279.665609,967934.931458,30826.886594,983953.421784,0.000000
414.000000,0.000000,0.122001,0.040667,9.953245,748.762367,968280.754204,968012.841616,30827.684561,983954.521374,0.000000
415.000000,0.000000,0.095011,0.031670,8.181348,678.363671,968281.649106,968083.431228,30828.406627,983955.425316,0.000000
416.000000,0.000000,0.073992,0.024664,6.723484,614.511647,968282.384621,968147.380246,30829.060006,983956.168260,0.000000
417.000000,0.000000,0.057624,0.019208,5.524314,556.610394,968282.989014,968205.306879,30829.651229,983956.778758,0.000000
418.000000,0.000000,0.044876,0.014959,4.538177,504.115939,968283.485565,968257.772941,30830.186205,983957.280324,0.000000
419.000000,0.000000,0.034948,0.011649,3.727419,456.532127,968283.893442,968305.288792,30830.670283,983957.692322,0.000000
420.000000,0.000000,0.027217,0.009072,3.060997,413.406770,968284.228424,968348.317877,30831.108304,983958.030687,0.000000
421.000000,0.000000,0.021196,0.007065,2.513329,374.328030,968284.503494,968387.280899,30831.504648,983958.308535,0.000000
422.000000,0.000000,0.016507,0.005502,2.063342,338.921053,968284.729332,968422.559645,30831.863280,983958.536655,0.000000
423.000000,0.000000,0.012855,0.004285,1.693683,306.844838,968284.914723,968454.500489,30832.187787,983958.723919,0.000000
424.000000,0.000000,0.010011,0.003337,1.390065,277.789338,968285.066891,968483.417601,30832.481417,983958.877624,0.000000
425.000000,0.000000,0.007797,0.002599,1.140732,251.472780,968285.191773,968509.595876,30832.747105,983959.003767,0.000000
426.000000,0.000000,0.006072,0.002024,0.936009,227.639190,968285.294249,968533.293606,30832.987511,983959.107278,0.000000
427.000000,0.000000,0.004729,0.001576,0.767941,206.056119,968285.378329,968554.744927,30833.205040,983959.192207,0.000000
428.000000,0.000000,0.003682,0.001227,0.629983,186.512553,968285.447308,968574.162036,30833.401870,983959.261884,0.000000
429.000000,0.000000,0.002868,0.000956,0.516757,168.816998,968285.503893,968591.737221,30833.579968,983959.319040,0.000000
430.000000,0.000000,0.002233,0.000744,0.423840,152.795715,968285.550306,968607.644704,30833.741119,983959.365921,0.000000
431.000000,0.000000,0.001739,0.000580,0.347598,138.291120,968285.588371,968622.042318,30833.886934,983959.404372,0.000000
432.000000,0.000000,0.001355,0.000452,0.285047,125.160313,968285.619588,968635.073034,30834.018872,983959.435904,0.000000
433.000000,0.000000,0.001055,0.000352,0.233733,113.273735,968285.645187,968646.866345,30834.138255,983959.461761,0.000000
434.000000,0.000000,0.000822,0.000274,0.191641,102.513945,968285.666176,968657.539526,30834.246277,983959.482962,0.000000
435.000000,0.000000,0.000640,0.000213,0.157118,92.774504,968285.683385,968667.198781,30834.344019,983959.500345,0.000000
436.000000,0.000000,0.000498,0.000166,0.128805,83.958963,968285.697493,968675.940275,30834.432460,983959.514596,0.000000
437.000000,0.000000,0.000388,0.000129,0.105587,75.979931,968285.709059,968683.851083,30834.512484,983959.526278,0.000000
438.000000,0.000000,0.000302,0.000101,0.086549,68.758239,968285.718539,968691.010038,30834.584892,983959.535854,0.000000
439.000000,0.000000,0.000235,0.000078,0.070940,62.222174,968285.726310,968697.488513,30834.650410,983959.543704,0.000000
440.000000,0.000000,0.000183,0.000061,0.058142,56.306782,968285.732679,968703.351120,30834.709692,983959.550137,0.000000
441.000000,0.000000,0.000143,0.000048,0.047650,50.953238,968285.737899,968708.656349,30834.763333,983959.555410,0.000000
442.000000,0.000000,0.000111,0.000037,0.039050,46.108272,968285.742177,968713.457144,30834.811869,983959.559731,0.000000
443.000000,0.000000,0.000087,0.000029,0.032000,41.723645,968285.745683,968717.801430,30834.855786,983959.563272,0.000000
444.000000,0.000000,0.000067,0.000022,0.026222,37.755684,968285.748556,968721.732585,30834.895524,983959.566174,0.000000
445.000000,0.000000,0.000052,0.000017,0.021486,34.164844,968285.750910,968725.289870,30834.931480,983959.568552,0.000000
446.000000,0.000000,0.000041,0.000014,0.017605,30.915326,968285.752839,968728.508822,30834.964014,983959.570500,0.000000
447.000000,0.000000,0.000032,0.000011,0.014425,27.974720,968285.754419,968731.421602,30834.993452,983959.572097,0.000000
448.000000,0.000000,0.000025,0.000008,0.011818,25.313690,968285.755714,968734.057317,30835.020089,983959.573405,0.000000
449.000000,0.000000,0.000019,0.000006,0.009682,22.905677,968285.756775,968736.442310,30835.044190,983959.574476,0.000000
450.000000,0.000000,0.000015,0.000005,0.007932,20.726644,968285.757644,968738.600422,30835.065998,983959.575354,0.000000
451.000000,0.000000,0.000012,0.000004,0.006498,18.754833,968285.758356,968740.553227,30835.085731,983959.576073,0.000000
452.000000,0.000000,0.000009,0.000003,0.005323,16.970549,968285.758940,968742.320251,30835.103585,983959.576663,0.000000
453.000000,0.000000,0.000007,0.000002,0.004361,15.355970,968285.759417,968743.919163,30835.119741,983959.577145,0.000000
454.000000,0.000000,0.000006,0.000002,0.003572,13.894962,968285.759809,968745.365952,30835.134359,983959.577541,0.000000
455.000000,0.000000,0.000004,0.000001,0.002926,12.572927,968285.760129,968746.675087,30835.147585,983959.577864,0.000000
456.000000,0.000000,0.000003,0.000001,0.002397,11.376650,968285.760392,968747.859664,30835.159554,983959.578130,0.000000
457.000000,0.000000,0.000003,0.000001,0.001963,10.294173,968285.760607,968748.931531,30835.170383,983959.578347,0.000000
458.000000,0.000000,0.000002,0.000001,0.001608,9.314676,968285.760783,968749.901410,30835.180181,983959.578525,0.000000
459.000000,0.000000,0.000002,0.000001,0.001317,8.428363,968285.760928,968750.779003,30835.189047,983959.578671,0.000000
460.000000,0.000000,0.000001,0.000000,0.001079,7.626374,968285.761046,968751.573091,30835.197070,983959.578790,0.000000
461.000000,0.000000,0.000001,0.000000,0.000883,6.900687,968285.761143,968752.291618,30835.204328,983959.578888,0.000000
462.000000,0.000000,0.000001,0.000000,0.000724,6.244045,968285.761222,968752.941773,30835.210896,983959.578968,0.000000
463.000000,0.000000,0.000001,0.000000,0.000593,5.649879,968285.761287,968753.530062,30835.216839,983959.579034,0.000000
464.000000,0.000000,0.000000,0.000000,0.000485,5.112248,968285.761340,968754.062370,30835.222217,983959.579087,0.000000
465.000000,0.000000,0.000000,0.000000,0.000397,4.625772,968285.761384,968754.544025,30835.227082,983959.579131,0.000000
466.000000,0.000000,0.000000,0.000000,0.000325,4.185585,968285.761419,968754.979846,30835.231485,983959.579167,0.000000
467.000000,0.000000,0.000000,0.000000,0.000267,3.787283,968285.761448,968755.374194,30835.235469,983959.579197,0.000000
468.000000,0.000000,0.000000,0.000000,0.000218,3.426881,968285.761472,968755.731016,30835.239073,983959.579221,0.000000
469.000000,0.000000,0.000000,0.000000,0.000179,3.100773,968285.761492,968756.053882,30835.242335,983959.579241,0.000000
470.000000,0.000000,0.000000,0.000000,0.000146,2.805697,968285.761508,968756.346023,30835.245286,983959.579257,0.000000
471.000000,0.000000,0.000000,0.000000,0.000120,2.538700,968285.761521,968756.610364,30835.247956,983959.579270,0.000000
472.000000,0.000000,0.000000,0.000000,0.000098,2.297109,968285.761532,968756.849549,30835.250372,983959.579281,0.000000
473.000000,0.000000,0.000000,0.000000,0.000080,2.078508,968285.761541,968757.065973,30835.252558,983959.579290,0.000000
474.000000,0.000000,0.000000,0.000000,0.000066,1.880710,968285.761548,968757.261801,30835.254536,983959.579297,0.000000
475.000000,0.000000,0.000000,0.000000,0.000054,1.701734,968285.761554,968757.438993,30835.256326,983959.579303,0.000000
476.000000,0.000000,0.000000,0.000000,0.000044,1.539789,968285.761559,968757.599323,30835.257946,983959.579308,0.000000
477.000000,0.000000,0.000000,0.000000,0.000036,1.393256,968285.761563,968757.744395,30835.259411,983959.579312,0.000000
478.000000,0.000000,0.000000,0.000000,0.000030,1.260667,968285.761566,968757.875661,30835.260737,983959.579316,0.000000
479.000000,0.000000,0.000000,0.000000,0.000024,1.140695,968285.761569,968757.994436,30835.261937,983959.579318,0.000000
480.000000,0.000000,0.000000,0.000000,0.000020,1.032141,968285.761571,968758.101907,30835.263022,983959.579320,0.000000
481.000000,0.000000,0.000000,0.000000,0.000016,0.933917,968285.761573,968758.199151,30835.264005,983959.579322,0.000000
482.000000,0.000000,0.000000,0.000000,0.000013,0.845040,968285.761574,968758.287140,30835.264894,983959.579324,0.000000
483.000000,0.000000,0.000000,0.000000,0.000011,0.764621,968285.761575,968758.366756,30835.265698,983959.579325,0.000000
484.000000,0.000000,0.000000,0.000000,0.000009,0.691855,968285.761576,968758.438795,30835.266425,983959.579326,0.000000
485.000000,0.000000,0.000000,0.000000,0.000007,0.626014,968285.761577,968758.503978,30835.267084,983959.579327,0.000000
486.000000,0.000000,0.000000,0.000000,0.000006,0.566439,968285.761578,968758.562959,30835.267680,983959.579327,0.000000
487.000000,0.000000,0.000000,0.000000,0.000005,0.512533,968285.761578,968758.616326,30835.268219,983959.579328,0.000000
488.000000,0.000000,0.000000,0.000000,0.000004,0.463757,968285.761579,968758.664614,30835.268706,983959.579328,0.000000
489.000000,0.000000,0.000000,0.000000,0.000003,0.419623,968285.761579,968758.708308,30835.269148,983959.579329,0.000000
490.000000,0.000000,0.000000,0.000000,0.000003,0.379689,968285.761579,968758.747843,30835.269547,983959.579329,0.000000
491.000000,0.000000,0.000000,0.000000,0.000002,0.343555,968285.761579,968758.783615,30835.269909,983959.579329,0.000000
492.000000,0.000000,0.000000,0.000000,0.000002,0.310860,968285.761580,968758.815983,30835.270235,983959.579329,0.000000
493.000000,0.000000,0.000000,0.000000,0.000001,0.281277,968285.761580,968758.845271,30835.270531,983959.579330,0.000000
494.000000,0.000000,0.000000,0.000000,0.000001,0.254509,968285.761580,968758.871772,30835.270799,983959.579330,0.000000
495.000000,0.000000,0.000000,0.000000,0.000001,0.230288,968285.761580,968758.895750,30835.271041,983959.579330,0.000000
496.000000,0.000000,0.000000,0.000000,0.000001,0.208372,968285.761580,968758.917447,30835.271260,983959.579330,0.000000
497.000000,0.000000,0.000000,0.000000,0.000001,0.188542,968285.761580,968758.937079,30835.271459,983959.579330,0.000000
498.000000,0.000000,0.000000,0.000000,0.000001,0.170599,968285.761580,968758.954843,30835.271638,983959.579330,0.000000
499.000000,0.000000,0.000000,0.000000,0.000000,0.154364,968285.761580,968758.970916,30835.271800,983959.579330,0.000000
500.000000,0.000000,0.000000,0.000000,0.000000,0.139673,968285.761580,968758.985459,30835.271947,983959.579330,0.000000
501.000000,0.000000,0.000000,0.000000,0.000000,0.126381,968285.761580,968758.998619,30835.272080,983959.579330,0.000000
502.000000,0.000000,0.000000,0.000000,0.000000,0.114354,968285.761580,968759.010526,30835.272201,983959.579330,0.000000
503.000000,0.000000,0.000000,0.000000,0.000000,0.103471,968285.761580,968759.021299,30835.272309,983959.579330,0.000000
504.000000,0.000000,0.000000,0.000000,0.000000,0.093624,968285.761580,968759.031048,30835.272408,983959.579330,0.000000
505.000000,0.000000,0.000000,0.000000,0.000000,0.084714,968285.761580,968759.039869,30835.272497,983959.579330,0.000000
506.000000,0.000000,0.000000,0.000000,0.000000,0.076652,968285.761580,968759.047850,30835.272578,983959.579330,0.000000
507.000000,0.000000,0.000000,0.000000,0.000000,0.069357,968285.761580,968759.055072,30835.272651,983959.579330,0.000000
508.000000,0.000000,0.000000,0.000000,0.000000,0.062757,968285.761580,968759.061607,30835.272717,983959.579330,0.000000
509.000000,0.000000,0.000000,0.000000,0.000000,0.056785,968285.761580,968759.067519,30835.272776,983959.579330,0.000000
510.000000,0.000000,0.000000,0.000000,0.000000,0.051380,968285.761580,968759.072869,30835.272830,983959.579330,0.000000
511.000000,0.000000,0.000000,0.000000,0.000000,0.046491,968285.761580,968759.077710,30835.272879,983959.579330,0.000000
512.000000,0.000000,0.000000,0.000000,0.000000,0.042066,968285.761580,968759.082090,30835.272923,983959.579330,0.000000
513.000000,0.000000,0.000000,0.000000,0.000000,0.038063,968285.761580,968759.086054,30835.272963,983959.579330,0.000000
514.000000,0.000000,0.000000,0.000000,0.000000,0.034441,968285.761580,968759.089640,30835.273000,983959.579330,0.000000
515.000000,0.000000,0.000000,0.000000,0.000000,0.031163,968285.761580,968759.092885,30835.273032,983959.579330,0.000000
516.000000,0.000000,0.000000,0.000000,0.000000,0.028197,968285.761580,968759.095821,30835.273062,983959.579330,0.000000
517.000000,0.000000,0.000000,0.000000,0.000000,0.025514,968285.761580,968759.098477,30835.273089,983959.579330,0.000000
518.000000,0.000000,0.000000,0.000000,0.000000,0.023086,968285.761580,968759.100881,30835.273113,983959.579330,0.000000
519.000000,0.000000,0.000000,0.000000,0.000000,0.020889,968285.761580,968759.103056,30835.273135,983959.579330,0.000000
520.000000,0.000000,0.000000,0.000000,0.000000,0.018901,968285.761580,968759.105024,30835.273155,983959.579330,0.000000
521.000000,0.000000,0.000000,0.000000,0.000000,0.017102,968285.761580,968759.106805,30835.273173,983959.579330,0.000000
522.000000,0.000000,0.000000,0.000000,0.000000,0.015475,968285.761580,968759.108416,30835.273189,983959.579330,0.000000
523.000000,0.000000,0.000000,0.000000,0.000000,0.014002,968285.761580,968759.109874,30835.273204,983959.579330,0.000000
524.000000,0.000000,0.000000,0.000000,0.000000,0.012669,968285.761580,968759.111193,30835.273217,983959.579330,0.000000
525.000000,0.000000,0.000000,0.000000,0.000000,0.011464,968285.761580,968759.112387,30835.273229,983959.579330,0.000000
526.000000,0.000000,0.000000,0.000000,0.000000,0.010373,968285.761580,968759.113467,30835.273240,983959.579330,0.000000
527.000000,0.000000,0.000000,0.000000,0.000000,0.009386,968285.761580,968759.114444,30835.273250,983959.579330,0.000000
528.000000,0.000000,0.000000,0.000000,0.000000,0.008492,968285.761580,968759.115329,30835.273259,983959.579330,0.000000
529.000000,0.000000,0.000000,0.000000,0.000000,0.007684,968285.761580,968759.116129,30835.273267,983959.579330,0.000000
530.000000,0.000000,0.000000,0.000000,0.000000,0.006953,968285.761580,968759.116853,30835.273275,983959.579330,0.000000
531.000000,0.000000,0.000000,0.000000,0.000000,0.006291,968285.761580,968759.117508,30835.273281,983959.579330,0.000000
532.000000,0.000000,0.000000,0.000000,0.000000,0.005692,968285.761580,968759.118100,30835.273287,983959.579330,0.000000
533.000000,0.000000,0.000000,0.000000,0.000000,0.005151,968285.761580,968759.118637,30835.273293,983959.579330,0.000000
534.000000,0.000000,0.000000,0.000000,0.000000,0.004661,968285.761580,968759.119122,30835.273297,983959.579330,0.000000
535.000000,0.000000,0.000000,0.000000,0.000000,0.004217,968285.761580,968759.119561,30835.273302,983959.579330,0.000000
536.000000,0.000000,0.000000,0.000000,0.000000,0.003816,968285.761580,968759.119958,30835.273306,983959.579330,0.000000
537.000000,0.000000,0.000000,0.000000,0.000000,0.003453,968285.761580,968759.120318,30835.273310,983959.579330,0.000000
538.000000,0.000000,0.000000,0.000000,0.000000,0.003124,968285.761580,968759.120643,30835.273313,983959.579330,0.000000
539.000000,0.000000,0.000000,0.000000,0.000000,0.002827,968285.761580,968759.120938,30835.273316,983959.579330,0.000000
540.000000,0.000000,0.000000,0.000000,0.000000,0.002558,968285.761580,968759.121204,30835.273319,983959.579330,0.000000
541.000000,0.000000,0.000000,0.000000,0.000000,0.002314,968285.761580,968759.121445,30835.273321,983959.579330,0.000000
542.000000,0.000000,0.000000,0.000000,0.000000,0.002094,968285.761580,968759.121663,30835.273323,983959.579330,0.000000
543.000000,0.000000,0.000000,0.000000,0.000000,0.001895,968285.761580,968759.121860,30835.273325,983959.579330,0.000000
544.000000,0.000000,0.000000,0.000000,0.000000,0.001714,968285.761580,968759.122039,30835.273327,983959.579330,0.000000
545.000000,0.000000,0.000000,0.000000,0.000000,0.001551,968285.761580,968759.122200,30835.273329,983959.579330,0.000000
546.000000,0.000000,0.000000,0.000000,0.000000,0.001404,968285.761580,968759.122346,30835.273330,983959.579330,0.000000
547.000000,0.000000,0.000000,0.000000,0.000000,0.001270,968285.761580,968759.122479,30835.273331,983959.579330,0.000000
548.000000,0.000000,0.000000,0.000000,0.000000,0.001149,968285.761580,968759.122598,30835.273333,983959.579330,0.000000
549.000000,0.000000,0.000000,0.000000,0.000000,0.001040,968285.761580,968759.122707,30835.273334,983959.579330,0.000000
550.000000,0.000000,0.000000,0.000000,0.000000,0.000941,968285.761580,968759.122805,30835.273335,983959.579330,0.000000
551.000000,0.000000,0.000000,0.000000,0.000000,0.000851,968285.761580,968759.122893,30835.273336,983959.579330,0.000000
552.000000,0.000000,0.000000,0.000000,0.000000,0.000770,968285.761580,968759.122973,30835.273336,983959.579330,0.000000
553.000000,0.000000,0.000000,0.000000,0.000000,0.000697,968285.761580,968759.123046,30835.273337,983959.579330,0.000000
554.000000,0.000000,0.000000,0.000000,0.000000,0.000631,968285.761580,968759.123112,30835.273338,983959.579330,0.000000
555.000000,0.000000,0.000000,0.000000,0.000000,0.000571,968285.761580,968759.123171,30835.273338,983959.579330,0.000000
556.000000,0.000000,0.000000,0.000000,0.000000,0.000516,968285.761580,968759.123225,30835.273339,983959.579330,0.000000
557.000000,0.000000,0.000000,0.000000,0.000000,0.000467,968285.761580,968759.123273,30835.273339,983959.579330,0.000000
558.000000,0.000000,0.000000,0.000000,0.000000,0.000423,968285.761580,968759.123317,30835.273340,983959.579330,0.000000
559.000000,0.000000,0.000000,0.000000,0.000000,0.000383,968285.761580,968759.123357,30835.273340,983959.579330,0.000000
560.000000,0.000000,0.000000,0.000000,0.000000,0.000346,968285.761580,968759.123393,30835.273341,983959.579330,0.000000
561.000000,0.000000,0.000000,0.000000,0.000000,0.000313,968285.761580,968759.123426,30835.273341,983959.579330,0.000000
562.000000,0.000000,0.000000,0.000000,0.000000,0.000283,968285.761580,968759.123455,30835.273341,983959.579330,0.000000
563.000000,0.000000,0.000000,0.000000,0.000000,0.000256,968285.761580,968759.123482,30835.273342,983959.579330,0.000000
564.000000,0.000000,0.000000,0.000000,0.000000,0.000232,968285.761580,968759.123506,30835.273342,983959.579330,0.000000
565.000000,0.000000,0.000000,0.000000,0.000000,0.000210,968285.761580,968759.123528,30835.273342,983959.579330,0.000000
566.000000,0.000000,0.000000,0.000000,0.000000,0.000190,968285.761580,968759.123548,30835.273342,983959.579330,0.000000
567.000000,0.000000,0.000000,0.000000,0.000000,0.000172,968285.761580,968759.123566,30835.273342,983959.579330,0.000000
568.000000,0.000000,0.000000,0.000000,0.000000,0.000156,968285.761580,968759.123582,30835.273343,983959.579330,0.000000
569.000000,0.000000,0.000000,0.000000,0.000000,0.000141,968285.761580,968759.123597,30835.273343,983959.579330,0.000000
570.000000,0.000000,0.000000,0.000000,0.000000,0.000127,968285.761580,968759.123610,30835.273343,983959.579330,0.000000
571.000000,0.000000,0.000000,0.000000,0.000000,0.000115,968285.761580,968759.123622,30835.273343,983959.579330,0.000000
572.000000,0.000000,0.000000,0.000000,0.000000,0.000104,968285.761580,968759.123633,30835.273343,983959.579330,0.000000
573.000000,0.000000,0.000000,0.000000,0.000000,0.000094,968285.761580,968759.123643,30835.273343,983959.579330,0.000000
574.000000,0.000000,0.000000,0.000000,0.000000,0.000085,968285.761580,968759.123652,30835.273343,983959.579330,0.000000
575.000000,0.000000,0.000000,0.000000,0.000000,0.000077,968285.761580,968759.123660,30835.273343,983959.579330,0.000000
576.000000,0.000000,0.000000,0.000000,0.000000,0.000070,968285.761580,968759.123667,30835.273343,983959.579330,0.000000
577.000000,0.000000,0.000000,0.000000,0.000000,0.000063,968285.761580,968759.123673,30835.273343,983959.579330,0.000000
578.000000,0.000000,0.000000,0.000000,0.000000,0.000057,968285.761580,968759.123679,30835.273344,983959.579330,0.000000
579.000000,0.000000,0.000000,0.000000,0.000000,0.000052,968285.761580,968759.123685,30835.273344,983959.579330,0.000000
580.000000,0.000000,0.000000,0.000000,0.000000,0.000047,968285.761580,968759.123690,30835.273344,983959.579330,0.000000
581.000000,0.000000,0.000000,0.000000,0.000000,0.000042,968285.761580,968759.123694,30835.273344,983959.579330,0.000000
582.000000,0.000000,0.000000,0.000000,0.000000,0.000038,968285.761580,968759.123698,30835.273344,983959.579330,0.000000
583.000000,0.000000,0.000000,0.000000,0.000000,0.000035,968285.761580,968759.123702,30835.273344,983959.579330,0.000000
584.000000,0.000000,0.000000,0.000000,0.000000,0.000031,968285.761580,968759.123705,30835.273344,983959.579330,0.000000
585.000000,0.000000,0.000000,0.000000,0.000000,0.000028,968285.761580,968759.123708,30835.273344,983959.579330,0.000000
586.000000,0.000000,0.000000,0.000000,0.000000,0.000026,968285.761580,968759.123711,30835.273344,983959.579330,0.000000
587.000000,0.000000,0.000000,0.000000,0.000000,0.000023,968285.761580,968759.123713,30835.273344,983959.579330,0.000000
588.000000,0.000000,0.000000,0.000000,0.000000,0.000021,968285.761580,968759.123715,30835.273344,983959.579330,0.000000
589.000000,0.000000,0.000000,0.000000,0.000000,0.000019,968285.761580,968759.123717,30835.273344,983959.579330,0.000000
590.000000,0.000000,0.000000,0.000000,0.000000,0.000017,968285.761580,968759.123719,30835.273344,983959.579330,0.000000
591.000000,0.000000,0.000000,0.000000,0.000000,0.000016,968285.761580,968759.123721,30835.273344,983959.579330,0.000000
592.000000,0.000000,0.000000,0.000000,0.000000,0.000014,968285.761580,968759.123722,30835.273344,983959.579330,0.000000
593.000000,0.000000,0.000000,0.000000,0.000000,0.000013,968285.761580,968759.123723,30835.273344,983959.579330,0.000000
594.000000,0.000000,0.000000,0.000000,0.000000,0.000012,968285.761580,968759.123725,30835.273344,983959.579330,0.000000
595.000000,0.000000,0.000000,0.000000,0.000000,0.000010,968285.761580,968759.123726,30835.273344,983959.579330,0.000000
596.000000,0.000000,0.000000,0.000000,0.000000,0.000009,968285.761580,968759.123727,30835.273344,983959.579330,0.000000
597.000000,0.000000,0.000000,0.000000,0.000000,0.000009,968285.761580,968759.123728,30835.273344,983959.579330,0.000000
598.000000,0.000000,0.000000,0.000000,0.000000,0.000008,968285.761580,968759.123728,30835.273344,983959.579330,0.000000
599.000000,0.000000,0.000000,0.000000,0.000000,0.000007,968285.761580,968759.123729,30835.273344,983959.579330,0.000000
600.000000,0.000000,0.000000,0.000000,0.000000,0.000006,968285.761580,968759.123730,30835.273344,983959.579330,0.000000
